id,resource_tag,program_id,crop_id,group_tag,weekly_harvest_channels,alloc_date,seeding_date,target_seedlings,transplant_date,harvest_date,activity_status,seeding_rows,harvest_units,harvest_week_num,kg_harvested,units_harvested
1431,PNQ-GH3,888,10,2025-04,26,2025-05-15 00:00:00+00,2025-01-20 00:00:00+00,443,2025-02-13 00:00:00+00,2025-03-10 00:00:00+00,PGM_SIMULATION,26,403,2025-11,42.1,342
1432,PNQ-GH3,888,10,2025-03,26,2025-05-15 00:00:00+00,2025-01-13 00:00:00+00,443,2025-02-06 00:00:00+00,2025-03-03 00:00:00+00,PGM_SIMULATION,26,403,2025-10,17.4,127
1433,PNQ-GH3,888,10,2025-02,26,2025-05-15 00:00:00+00,2025-01-06 00:00:00+00,443,2025-01-30 00:00:00+00,2025-02-24 00:00:00+00,PGM_SIMULATION,26,403,2025-09,,
1434,PNQ-GH3,888,10,2025-01,26,2025-05-15 00:00:00+00,2024-12-30 00:00:00+00,443,2025-01-23 00:00:00+00,2025-02-17 00:00:00+00,PGM_SIMULATION,26,403,2025-08,,
1435,PNQ-GH3,888,10,2025-08,26,2025-05-15 00:00:00+00,2025-02-17 00:00:00+00,443,2025-03-13 00:00:00+00,2025-04-07 00:00:00+00,PGM_SIMULATION,26,403,2025-15,48,352
1436,PNQ-GH3,888,10,2025-07,26,2025-05-15 00:00:00+00,2025-02-10 00:00:00+00,443,2025-03-06 00:00:00+00,2025-03-31 00:00:00+00,PGM_SIMULATION,26,403,2025-14,43.3,352
1437,PNQ-GH3,888,10,2025-06,26,2025-05-15 00:00:00+00,2025-02-03 00:00:00+00,443,2025-02-27 00:00:00+00,2025-03-24 00:00:00+00,PGM_SIMULATION,26,403,2025-13,36.3,352
1438,PNQ-GH3,888,10,2025-05,26,2025-05-15 00:00:00+00,2025-01-27 00:00:00+00,443,2025-02-20 00:00:00+00,2025-03-17 00:00:00+00,PGM_SIMULATION,26,403,2025-12,39.8,352
1439,PNQ-GH3,888,10,2025-12,26,2025-05-15 00:00:00+00,2025-03-17 00:00:00+00,443,2025-04-10 00:00:00+00,2025-05-05 00:00:00+00,PGM_SIMULATION,26,403,2025-19,32.2,336
1440,PNQ-GH3,888,10,2025-11,26,2025-05-15 00:00:00+00,2025-03-10 00:00:00+00,443,2025-04-03 00:00:00+00,2025-04-28 00:00:00+00,PGM_SIMULATION,26,403,2025-18,25.3,272
1441,PNQ-GH3,888,10,2025-10,26,2025-05-15 00:00:00+00,2025-03-03 00:00:00+00,443,2025-03-27 00:00:00+00,2025-04-21 00:00:00+00,PGM_SIMULATION,26,403,2025-17,45,400
1442,PNQ-GH3,888,10,2025-09,26,2025-05-15 00:00:00+00,2025-02-24 00:00:00+00,443,2025-03-20 00:00:00+00,2025-04-14 00:00:00+00,PGM_SIMULATION,26,403,2025-16,25.8,176
1443,PNQ-GH3,888,10,2025-16,26,2025-05-15 00:00:00+00,2025-04-14 00:00:00+00,443,2025-05-08 00:00:00+00,2025-06-02 00:00:00+00,PGM_SIMULATION,26,403,2025-23,,
1444,PNQ-GH3,888,10,2025-15,26,2025-05-15 00:00:00+00,2025-04-07 00:00:00+00,443,2025-05-01 00:00:00+00,2025-05-26 00:00:00+00,PGM_SIMULATION,26,403,2025-22,40.7,354
1445,PNQ-GH3,888,10,2025-14,26,2025-05-15 00:00:00+00,2025-03-31 00:00:00+00,443,2025-04-24 00:00:00+00,2025-05-19 00:00:00+00,PGM_SIMULATION,26,403,2025-21,17.3,176
1446,PNQ-GH3,888,10,2025-13,26,2025-05-15 00:00:00+00,2025-03-24 00:00:00+00,443,2025-04-17 00:00:00+00,2025-05-12 00:00:00+00,PGM_SIMULATION,26,403,2025-20,17.2,352
1447,PNQ-GH3,888,10,2025-20,26,2025-05-15 00:00:00+00,2025-05-12 00:00:00+00,443,2025-06-05 00:00:00+00,2025-06-30 00:00:00+00,PGM_SIMULATION,26,403,2025-27,,
1448,PNQ-GH3,888,10,2025-19,26,2025-05-15 00:00:00+00,2025-05-05 00:00:00+00,443,2025-05-29 00:00:00+00,2025-06-23 00:00:00+00,PGM_SIMULATION,26,403,2025-26,,
1449,PNQ-GH3,888,10,2025-18,26,2025-05-15 00:00:00+00,2025-04-28 00:00:00+00,443,2025-05-22 00:00:00+00,2025-06-16 00:00:00+00,PGM_SIMULATION,26,403,2025-25,,
1450,PNQ-GH3,888,10,2025-17,26,2025-05-15 00:00:00+00,2025-04-21 00:00:00+00,443,2025-05-15 00:00:00+00,2025-06-09 00:00:00+00,PGM_SIMULATION,26,403,2025-24,,
2375,PNQ-GH1,904,16,2025-21,24,2025-05-15 00:00:00+00,2025-05-19 00:00:00+00,819,2025-06-09 00:00:00+00,2025-06-30 00:00:00+00,ALLOCATED,48,744,2025-27,12.5,350
2376,PNQ-GH1,904,16,2025-22,24,2025-05-15 00:00:00+00,2025-05-26 00:00:00+00,819,2025-06-16 00:00:00+00,2025-07-07 00:00:00+00,ALLOCATED,48,744,2025-28,,
2377,PNQ-GH1,904,16,2025-23,24,2025-05-15 00:00:00+00,2025-06-02 00:00:00+00,819,2025-06-23 00:00:00+00,2025-07-14 00:00:00+00,ALLOCATED,48,744,2025-29,,
2378,PNQ-GH1,901,14,2025-21,30,2025-05-15 00:00:00+00,2025-05-19 00:00:00+00,1024,2025-06-09 00:00:00+00,2025-06-30 00:00:00+00,ALLOCATED,60,930,2025-27,11,478
2379,PNQ-GH1,901,14,2025-22,30,2025-05-15 00:00:00+00,2025-05-26 00:00:00+00,1024,2025-06-16 00:00:00+00,2025-07-07 00:00:00+00,ALLOCATED,60,930,2025-28,,
2380,PNQ-GH1,901,14,2025-23,30,2025-05-15 00:00:00+00,2025-06-02 00:00:00+00,1024,2025-06-23 00:00:00+00,2025-07-14 00:00:00+00,ALLOCATED,60,930,2025-29,,
2381,PNQ-GH2,890,4,2025-21,37,2025-05-15 00:00:00+00,2025-05-19 00:00:00+00,631,2025-06-16 00:00:00+00,2025-07-14 00:00:00+00,ALLOCATED,37,573,2025-29,,
2382,PNQ-GH2,890,4,2025-22,37,2025-05-15 00:00:00+00,2025-05-26 00:00:00+00,631,2025-06-23 00:00:00+00,2025-07-21 00:00:00+00,ALLOCATED,37,573,2025-30,,
2383,PNQ-GH2,890,4,2025-23,37,2025-05-15 00:00:00+00,2025-06-02 00:00:00+00,631,2025-06-30 00:00:00+00,2025-07-28 00:00:00+00,ALLOCATED,37,573,2025-31,,
2384,PNQ-GH2,890,4,2025-24,37,2025-05-15 00:00:00+00,2025-06-09 00:00:00+00,631,2025-07-07 00:00:00+00,2025-08-04 00:00:00+00,ALLOCATED,37,573,2025-32,,
2385,PNQ-GH2,892,11,2025-21,34,2025-05-15 00:00:00+00,2025-05-19 00:00:00+00,1160,2025-06-16 00:00:00+00,2025-07-14 00:00:00+00,ALLOCATED,68,1054,2025-29,38,638
2386,PNQ-GH2,892,11,2025-22,34,2025-05-15 00:00:00+00,2025-05-26 00:00:00+00,1160,2025-06-23 00:00:00+00,2025-07-21 00:00:00+00,ALLOCATED,68,1054,2025-30,,
2387,PNQ-GH2,892,11,2025-23,34,2025-05-15 00:00:00+00,2025-06-02 00:00:00+00,1160,2025-06-30 00:00:00+00,2025-07-28 00:00:00+00,ALLOCATED,68,1054,2025-31,,
2388,PNQ-GH2,892,11,2025-24,34,2025-05-15 00:00:00+00,2025-06-09 00:00:00+00,1160,2025-07-07 00:00:00+00,2025-08-04 00:00:00+00,ALLOCATED,68,1054,2025-32,,
2389,PNQ-GH2,902,22,2025-21,9,2025-05-15 00:00:00+00,2025-05-19 00:00:00+00,307,2025-06-09 00:00:00+00,2025-06-30 00:00:00+00,ALLOCATED,18,279,2025-27,,
2390,PNQ-GH2,902,22,2025-22,9,2025-05-15 00:00:00+00,2025-05-26 00:00:00+00,307,2025-06-16 00:00:00+00,2025-07-07 00:00:00+00,ALLOCATED,18,279,2025-28,,
2391,PNQ-GH2,902,22,2025-23,9,2025-05-15 00:00:00+00,2025-06-02 00:00:00+00,307,2025-06-23 00:00:00+00,2025-07-14 00:00:00+00,ALLOCATED,18,279,2025-29,,
2392,PNQ-GH2,903,18,2025-21,34,2025-05-15 00:00:00+00,2025-05-19 00:00:00+00,1160,2025-06-16 00:00:00+00,2025-07-14 00:00:00+00,ALLOCATED,68,1054,2025-29,,
2393,PNQ-GH2,903,18,2025-22,34,2025-05-15 00:00:00+00,2025-05-26 00:00:00+00,1160,2025-06-23 00:00:00+00,2025-07-21 00:00:00+00,ALLOCATED,68,1054,2025-30,,
2394,PNQ-GH2,903,18,2025-23,34,2025-05-15 00:00:00+00,2025-06-02 00:00:00+00,1160,2025-06-30 00:00:00+00,2025-07-28 00:00:00+00,ALLOCATED,68,1054,2025-31,,
2395,PNQ-GH2,903,18,2025-24,34,2025-05-15 00:00:00+00,2025-06-09 00:00:00+00,1160,2025-07-07 00:00:00+00,2025-08-04 00:00:00+00,ALLOCATED,68,1054,2025-32,,
2396,PNQ-GH2,887,26,2025-21,80,2025-05-15 00:00:00+00,2025-05-19 00:00:00+00,2728,2025-06-09 00:00:00+00,2025-06-30 00:00:00+00,ALLOCATED,160,2480,2025-27,,
2397,PNQ-GH2,887,26,2025-22,80,2025-05-15 00:00:00+00,2025-05-26 00:00:00+00,2728,2025-06-16 00:00:00+00,2025-07-07 00:00:00+00,ALLOCATED,160,2480,2025-28,,
2398,PNQ-GH2,887,26,2025-23,80,2025-05-15 00:00:00+00,2025-06-02 00:00:00+00,2728,2025-06-23 00:00:00+00,2025-07-14 00:00:00+00,ALLOCATED,160,2480,2025-29,,
2399,PNQ-GH2,893,24,2025-21,13,2025-05-15 00:00:00+00,2025-05-19 00:00:00+00,444,2025-06-16 00:00:00+00,2025-07-14 00:00:00+00,ALLOCATED,26,403,2025-29,,
2400,PNQ-GH2,893,24,2025-22,13,2025-05-15 00:00:00+00,2025-05-26 00:00:00+00,444,2025-06-23 00:00:00+00,2025-07-21 00:00:00+00,ALLOCATED,26,403,2025-30,,
2401,PNQ-GH2,893,24,2025-23,13,2025-05-15 00:00:00+00,2025-06-02 00:00:00+00,444,2025-06-30 00:00:00+00,2025-07-28 00:00:00+00,ALLOCATED,26,403,2025-31,,
2402,PNQ-GH2,893,24,2025-24,13,2025-05-15 00:00:00+00,2025-06-09 00:00:00+00,444,2025-07-07 00:00:00+00,2025-08-04 00:00:00+00,ALLOCATED,26,403,2025-32,,
2403,PNQ-GH2,894,20,2025-21,13,2025-05-15 00:00:00+00,2025-05-19 00:00:00+00,444,2025-06-12 00:00:00+00,2025-07-17 00:00:00+00,ALLOCATED,26,403,2025-29,,
2404,PNQ-GH2,894,20,2025-22,13,2025-05-15 00:00:00+00,2025-05-26 00:00:00+00,444,2025-06-19 00:00:00+00,2025-07-24 00:00:00+00,ALLOCATED,26,403,2025-30,,
2405,PNQ-GH2,894,20,2025-23,13,2025-05-15 00:00:00+00,2025-06-02 00:00:00+00,444,2025-06-26 00:00:00+00,2025-07-31 00:00:00+00,ALLOCATED,26,403,2025-31,,
2406,PNQ-GH2,894,20,2025-24,13,2025-05-15 00:00:00+00,2025-06-09 00:00:00+00,444,2025-07-03 00:00:00+00,2025-08-07 00:00:00+00,ALLOCATED,26,403,2025-32,,
2407,PNQ-GH2,894,20,2025-25,13,2025-05-15 00:00:00+00,2025-06-16 00:00:00+00,444,2025-07-10 00:00:00+00,2025-08-14 00:00:00+00,ALLOCATED,26,403,2025-33,,
2408,PNQ-GH2,900,23,2025-21,6,2025-05-15 00:00:00+00,2025-05-19 00:00:00+00,205,2025-06-16 00:00:00+00,2025-07-14 00:00:00+00,ALLOCATED,12,186,2025-29,,
2409,PNQ-GH2,900,23,2025-22,6,2025-05-15 00:00:00+00,2025-05-26 00:00:00+00,205,2025-06-23 00:00:00+00,2025-07-21 00:00:00+00,ALLOCATED,12,186,2025-30,,
2410,PNQ-GH2,900,23,2025-23,6,2025-05-15 00:00:00+00,2025-06-02 00:00:00+00,205,2025-06-30 00:00:00+00,2025-07-28 00:00:00+00,ALLOCATED,12,186,2025-31,,
2411,PNQ-GH2,900,23,2025-24,6,2025-05-15 00:00:00+00,2025-06-09 00:00:00+00,205,2025-07-07 00:00:00+00,2025-08-04 00:00:00+00,ALLOCATED,12,186,2025-32,,
2412,PNQ-GH3,895,9,2025-21,33,2025-05-15 00:00:00+00,2025-05-19 00:00:00+00,563,2025-06-16 00:00:00+00,2025-07-14 00:00:00+00,ALLOCATED,33,511,2025-29,,
2413,PNQ-GH3,895,9,2025-22,33,2025-05-15 00:00:00+00,2025-05-26 00:00:00+00,563,2025-06-23 00:00:00+00,2025-07-21 00:00:00+00,ALLOCATED,33,511,2025-30,,
2414,PNQ-GH3,895,9,2025-23,33,2025-05-15 00:00:00+00,2025-06-02 00:00:00+00,563,2025-06-30 00:00:00+00,2025-07-28 00:00:00+00,ALLOCATED,33,511,2025-31,,
2415,PNQ-GH3,895,9,2025-24,33,2025-05-15 00:00:00+00,2025-06-09 00:00:00+00,563,2025-07-07 00:00:00+00,2025-08-04 00:00:00+00,ALLOCATED,33,511,2025-32,,
2416,PNQ-GH3,888,10,2025-21,25,2025-05-15 00:00:00+00,2025-05-19 00:00:00+00,426,2025-06-12 00:00:00+00,2025-07-07 00:00:00+00,ALLOCATED,25,387,2025-28,,
2417,PNQ-GH3,888,10,2025-22,25,2025-05-15 00:00:00+00,2025-05-26 00:00:00+00,426,2025-06-19 00:00:00+00,2025-07-14 00:00:00+00,ALLOCATED,25,387,2025-29,,
2418,PNQ-GH3,888,10,2025-23,25,2025-05-15 00:00:00+00,2025-06-02 00:00:00+00,426,2025-06-26 00:00:00+00,2025-07-21 00:00:00+00,ALLOCATED,25,387,2025-30,,
2419,PNQ-GH3,888,10,2025-24,25,2025-05-15 00:00:00+00,2025-06-09 00:00:00+00,426,2025-07-03 00:00:00+00,2025-07-28 00:00:00+00,ALLOCATED,25,387,2025-31,,
2420,PNQ-GH3,889,6,2025-21,38,2025-05-15 00:00:00+00,2025-05-19 00:00:00+00,648,2025-06-12 00:00:00+00,2025-07-07 00:00:00+00,ALLOCATED,38,589,2025-28,,
2421,PNQ-GH3,889,6,2025-22,38,2025-05-15 00:00:00+00,2025-05-26 00:00:00+00,648,2025-06-19 00:00:00+00,2025-07-14 00:00:00+00,ALLOCATED,38,589,2025-29,,
2422,PNQ-GH3,889,6,2025-23,38,2025-05-15 00:00:00+00,2025-06-02 00:00:00+00,648,2025-06-26 00:00:00+00,2025-07-21 00:00:00+00,ALLOCATED,38,589,2025-30,,
2423,PNQ-GH3,889,6,2025-24,38,2025-05-15 00:00:00+00,2025-06-09 00:00:00+00,648,2025-07-03 00:00:00+00,2025-07-28 00:00:00+00,ALLOCATED,38,589,2025-31,,
2424,PNQ-GH3,891,5,2025-21,40,2025-05-15 00:00:00+00,2025-05-19 00:00:00+00,682,2025-06-12 00:00:00+00,2025-07-07 00:00:00+00,ALLOCATED,40,620,2025-28,,
2425,PNQ-GH3,891,5,2025-22,40,2025-05-15 00:00:00+00,2025-05-26 00:00:00+00,682,2025-06-19 00:00:00+00,2025-07-14 00:00:00+00,ALLOCATED,40,620,2025-29,,
2426,PNQ-GH3,891,5,2025-23,40,2025-05-15 00:00:00+00,2025-06-02 00:00:00+00,682,2025-06-26 00:00:00+00,2025-07-21 00:00:00+00,ALLOCATED,40,620,2025-30,,
2427,PNQ-GH3,891,5,2025-24,40,2025-05-15 00:00:00+00,2025-06-09 00:00:00+00,682,2025-07-03 00:00:00+00,2025-07-28 00:00:00+00,ALLOCATED,40,620,2025-31,,
2428,PNQ-GH3,899,8,2025-21,60,2025-05-15 00:00:00+00,2025-05-19 00:00:00+00,1024,2025-06-12 00:00:00+00,2025-07-07 00:00:00+00,ALLOCATED,60,930,2025-28,,
2429,PNQ-GH3,899,8,2025-22,60,2025-05-15 00:00:00+00,2025-05-26 00:00:00+00,1024,2025-06-19 00:00:00+00,2025-07-14 00:00:00+00,ALLOCATED,60,930,2025-29,,
2430,PNQ-GH3,899,8,2025-23,60,2025-05-15 00:00:00+00,2025-06-02 00:00:00+00,1024,2025-06-26 00:00:00+00,2025-07-21 00:00:00+00,ALLOCATED,60,930,2025-30,,
2431,PNQ-GH3,899,8,2025-24,60,2025-05-15 00:00:00+00,2025-06-09 00:00:00+00,1024,2025-07-03 00:00:00+00,2025-07-28 00:00:00+00,ALLOCATED,60,930,2025-31,,
2432,PNQ-GH4,896,2,2025-21,39,2025-05-15 00:00:00+00,2025-05-19 00:00:00+00,665,2025-06-12 00:00:00+00,2025-07-07 00:00:00+00,ALLOCATED,39,604,2025-28,,
2433,PNQ-GH4,896,2,2025-22,39,2025-05-15 00:00:00+00,2025-05-26 00:00:00+00,665,2025-06-19 00:00:00+00,2025-07-14 00:00:00+00,ALLOCATED,39,604,2025-29,,
2434,PNQ-GH4,896,2,2025-23,39,2025-05-15 00:00:00+00,2025-06-02 00:00:00+00,665,2025-06-26 00:00:00+00,2025-07-21 00:00:00+00,ALLOCATED,39,604,2025-30,,
2435,PNQ-GH4,896,2,2025-24,39,2025-05-15 00:00:00+00,2025-06-09 00:00:00+00,665,2025-07-03 00:00:00+00,2025-07-28 00:00:00+00,ALLOCATED,39,604,2025-31,73,630
2436,PNQ-GH4,898,1,2025-21,51,2025-05-15 00:00:00+00,2025-05-19 00:00:00+00,870,2025-06-12 00:00:00+00,2025-07-07 00:00:00+00,ALLOCATED,51,790,2025-28,95,750
2437,PNQ-GH4,898,1,2025-22,51,2025-05-15 00:00:00+00,2025-05-26 00:00:00+00,870,2025-06-19 00:00:00+00,2025-07-14 00:00:00+00,ALLOCATED,51,790,2025-29,,
2438,PNQ-GH4,898,1,2025-23,51,2025-05-15 00:00:00+00,2025-06-02 00:00:00+00,870,2025-06-26 00:00:00+00,2025-07-21 00:00:00+00,ALLOCATED,51,790,2025-30,,
2439,PNQ-GH4,898,1,2025-24,51,2025-05-15 00:00:00+00,2025-06-09 00:00:00+00,870,2025-07-03 00:00:00+00,2025-07-28 00:00:00+00,ALLOCATED,51,790,2025-31,,
2440,PNQ-GH4,897,3,2025-21,38,2025-05-15 00:00:00+00,2025-05-19 00:00:00+00,648,2025-06-16 00:00:00+00,2025-07-14 00:00:00+00,ALLOCATED,38,589,2025-29,63,640
2441,PNQ-GH4,897,3,2025-22,38,2025-05-15 00:00:00+00,2025-05-26 00:00:00+00,648,2025-06-23 00:00:00+00,2025-07-21 00:00:00+00,ALLOCATED,38,589,2025-30,,
2442,PNQ-GH4,897,3,2025-23,38,2025-05-15 00:00:00+00,2025-06-02 00:00:00+00,648,2025-06-30 00:00:00+00,2025-07-28 00:00:00+00,ALLOCATED,38,589,2025-31,,
2443,PNQ-GH4,897,3,2025-24,38,2025-05-15 00:00:00+00,2025-06-09 00:00:00+00,648,2025-07-07 00:00:00+00,2025-08-04 00:00:00+00,ALLOCATED,38,589,2025-32,,
2444,PNQ-GH3,905,42,2025-21,9,2025-05-15 00:00:00+00,2025-05-19 00:00:00+00,293,2025-06-16 00:00:00+00,2025-07-14 00:00:00+00,ALLOCATED,17,279,2025-29,,
2445,PNQ-GH3,905,42,2025-22,9,2025-05-15 00:00:00+00,2025-05-26 00:00:00+00,293,2025-06-23 00:00:00+00,2025-07-21 00:00:00+00,ALLOCATED,17,279,2025-30,,
2446,PNQ-GH3,905,42,2025-23,9,2025-05-15 00:00:00+00,2025-06-02 00:00:00+00,293,2025-06-30 00:00:00+00,2025-07-28 00:00:00+00,ALLOCATED,17,279,2025-31,,
2447,PNQ-GH3,905,42,2025-24,9,2025-05-15 00:00:00+00,2025-06-09 00:00:00+00,293,2025-07-07 00:00:00+00,2025-08-04 00:00:00+00,ALLOCATED,17,279,2025-32,,
2448,PNQ-GH1,910,12,2025-23,119,2025-05-27 00:00:00+00,2025-06-02 00:00:00+00,4058,2025-06-23 00:00:00+00,2025-07-14 00:00:00+00,ALLOCATED,239,3689,2025-27,,
2449,PNQ-GH1,910,12,2025-24,119,2025-05-27 00:00:00+00,2025-06-09 00:00:00+00,4058,2025-06-30 00:00:00+00,2025-07-21 00:00:00+00,ALLOCATED,239,3689,2025-28,,
2450,PNQ-GH1,910,12,2025-25,119,2025-05-27 00:00:00+00,2025-06-16 00:00:00+00,4058,2025-07-07 00:00:00+00,2025-07-28 00:00:00+00,ALLOCATED,239,3689,2025-29,,
2451,PNQ-GH3,895,9,2025-17,27,2025-05-15 00:00:00+00,2025-04-21 00:00:00+00,460,2025-05-19 00:00:00+00,2025-06-16 00:00:00+00,PGM_SIMULATION,27,418,2025-25,,
2452,PNQ-GH3,895,9,2025-18,27,2025-05-15 00:00:00+00,2025-04-28 00:00:00+00,460,2025-05-26 00:00:00+00,2025-06-23 00:00:00+00,PGM_SIMULATION,27,418,2025-26,,
2453,PNQ-GH3,895,9,2025-19,27,2025-05-15 00:00:00+00,2025-05-05 00:00:00+00,460,2025-06-02 00:00:00+00,2025-06-30 00:00:00+00,PGM_SIMULATION,27,418,2025-27,,
2454,PNQ-GH3,895,9,2025-20,27,2025-05-15 00:00:00+00,2025-05-12 00:00:00+00,460,2025-06-09 00:00:00+00,2025-07-07 00:00:00+00,PGM_SIMULATION,27,418,2025-28,,
2455,PNQ-GH3,895,9,2025-13,27,2025-05-15 00:00:00+00,2025-03-24 00:00:00+00,460,2025-04-21 00:00:00+00,2025-05-19 00:00:00+00,PGM_SIMULATION,27,418,2025-21,7.4,144
2456,PNQ-GH3,895,9,2025-14,27,2025-05-15 00:00:00+00,2025-03-31 00:00:00+00,460,2025-04-28 00:00:00+00,2025-05-26 00:00:00+00,PGM_SIMULATION,27,418,2025-22,17.7,369
2457,PNQ-GH3,895,9,2025-15,27,2025-05-15 00:00:00+00,2025-04-07 00:00:00+00,460,2025-05-05 00:00:00+00,2025-06-02 00:00:00+00,PGM_SIMULATION,27,418,2025-23,,
2458,PNQ-GH3,895,9,2025-16,27,2025-05-15 00:00:00+00,2025-04-14 00:00:00+00,460,2025-05-12 00:00:00+00,2025-06-09 00:00:00+00,PGM_SIMULATION,27,418,2025-24,,
2459,PNQ-GH3,895,9,2025-09,27,2025-05-15 00:00:00+00,2025-02-24 00:00:00+00,460,2025-03-24 00:00:00+00,2025-04-21 00:00:00+00,PGM_SIMULATION,27,418,2025-17,16.8,320
2460,PNQ-GH3,895,9,2025-10,27,2025-05-15 00:00:00+00,2025-03-03 00:00:00+00,460,2025-03-31 00:00:00+00,2025-04-28 00:00:00+00,PGM_SIMULATION,27,418,2025-18,11.9,304
2461,PNQ-GH3,895,9,2025-11,27,2025-05-15 00:00:00+00,2025-03-10 00:00:00+00,460,2025-04-07 00:00:00+00,2025-05-05 00:00:00+00,PGM_SIMULATION,27,418,2025-19,11.9,288
2462,PNQ-GH3,895,9,2025-12,27,2025-05-15 00:00:00+00,2025-03-17 00:00:00+00,460,2025-04-14 00:00:00+00,2025-05-12 00:00:00+00,PGM_SIMULATION,27,418,2025-20,9.4,288
2463,PNQ-GH3,895,9,2025-05,27,2025-05-15 00:00:00+00,2025-01-27 00:00:00+00,460,2025-02-24 00:00:00+00,2025-03-24 00:00:00+00,PGM_SIMULATION,27,418,2025-13,19.2,272
2464,PNQ-GH3,895,9,2025-06,25,2025-05-15 00:00:00+00,2025-02-03 00:00:00+00,460,2025-03-03 00:00:00+00,2025-03-31 00:00:00+00,PGM_SIMULATION,27,418,2025-14,21.8,272
2465,PNQ-GH3,895,9,2025-07,27,2025-05-15 00:00:00+00,2025-02-10 00:00:00+00,460,2025-03-10 00:00:00+00,2025-04-07 00:00:00+00,PGM_SIMULATION,27,418,2025-15,21.2,304
2466,PNQ-GH3,895,9,2025-08,27,2025-05-15 00:00:00+00,2025-02-17 00:00:00+00,460,2025-03-17 00:00:00+00,2025-04-14 00:00:00+00,PGM_SIMULATION,27,418,2025-16,10.7,208
2467,PNQ-GH3,895,9,2025-01,27,2025-05-15 00:00:00+00,2024-12-30 00:00:00+00,460,2025-01-27 00:00:00+00,2025-02-24 00:00:00+00,PGM_SIMULATION,27,418,2025-09,,
2468,PNQ-GH3,895,9,2025-02,25,2025-05-15 00:00:00+00,2025-01-06 00:00:00+00,460,2025-02-03 00:00:00+00,2025-03-03 00:00:00+00,PGM_SIMULATION,27,418,2025-10,20.6,263
2469,PNQ-GH3,895,9,2025-03,27,2025-05-15 00:00:00+00,2025-01-13 00:00:00+00,460,2025-02-10 00:00:00+00,2025-03-10 00:00:00+00,PGM_SIMULATION,27,418,2025-11,22.8,272
2470,PNQ-GH3,895,9,2025-04,27,2025-05-15 00:00:00+00,2025-01-20 00:00:00+00,460,2025-02-17 00:00:00+00,2025-03-17 00:00:00+00,PGM_SIMULATION,27,418,2025-12,18.3,291
2471,PNQ-GH3,899,8,2025-17,37,2025-05-15 00:00:00+00,2025-04-21 00:00:00+00,630,2025-05-15 00:00:00+00,2025-06-09 00:00:00+00,PGM_SIMULATION,37,573,2025-24,,
2472,PNQ-GH3,899,8,2025-18,37,2025-05-15 00:00:00+00,2025-04-28 00:00:00+00,630,2025-05-22 00:00:00+00,2025-06-16 00:00:00+00,PGM_SIMULATION,37,573,2025-25,,
2473,PNQ-GH3,899,8,2025-19,37,2025-05-15 00:00:00+00,2025-05-05 00:00:00+00,630,2025-05-29 00:00:00+00,2025-06-23 00:00:00+00,PGM_SIMULATION,37,573,2025-26,,
2474,PNQ-GH3,899,8,2025-20,37,2025-05-15 00:00:00+00,2025-05-12 00:00:00+00,630,2025-06-05 00:00:00+00,2025-06-30 00:00:00+00,PGM_SIMULATION,37,573,2025-27,,
2475,PNQ-GH3,899,8,2025-13,37,2025-05-15 00:00:00+00,2025-03-24 00:00:00+00,630,2025-04-17 00:00:00+00,2025-05-12 00:00:00+00,PGM_SIMULATION,37,573,2025-20,40,512
2476,PNQ-GH3,899,8,2025-14,37,2025-05-15 00:00:00+00,2025-03-31 00:00:00+00,630,2025-04-24 00:00:00+00,2025-05-19 00:00:00+00,PGM_SIMULATION,37,573,2025-21,50.3,512
2477,PNQ-GH3,899,8,2025-15,35,2025-05-15 00:00:00+00,2025-04-07 00:00:00+00,630,2025-05-01 00:00:00+00,2025-05-26 00:00:00+00,PGM_SIMULATION,37,573,2025-22,51.1,515
2478,PNQ-GH3,899,8,2025-16,37,2025-05-15 00:00:00+00,2025-04-14 00:00:00+00,630,2025-05-08 00:00:00+00,2025-06-02 00:00:00+00,PGM_SIMULATION,37,573,2025-23,,
2479,PNQ-GH3,899,8,2025-09,37,2025-05-15 00:00:00+00,2025-02-24 00:00:00+00,630,2025-03-20 00:00:00+00,2025-04-14 00:00:00+00,PGM_SIMULATION,37,573,2025-16,50.8,512
2480,PNQ-GH3,899,8,2025-10,37,2025-05-15 00:00:00+00,2025-03-03 00:00:00+00,630,2025-03-27 00:00:00+00,2025-04-21 00:00:00+00,PGM_SIMULATION,37,573,2025-17,51.2,464
2481,PNQ-GH3,899,8,2025-11,37,2025-05-15 00:00:00+00,2025-03-10 00:00:00+00,630,2025-04-03 00:00:00+00,2025-04-28 00:00:00+00,PGM_SIMULATION,37,573,2025-18,46.3,512
2482,PNQ-GH3,899,8,2025-12,36,2025-05-15 00:00:00+00,2025-03-17 00:00:00+00,630,2025-04-10 00:00:00+00,2025-05-05 00:00:00+00,PGM_SIMULATION,37,573,2025-19,35.8,464
2483,PNQ-GH3,899,8,2025-05,37,2025-05-15 00:00:00+00,2025-01-27 00:00:00+00,630,2025-02-20 00:00:00+00,2025-03-17 00:00:00+00,PGM_SIMULATION,37,573,2025-12,18.3,261
2484,PNQ-GH3,899,8,2025-06,37,2025-05-15 00:00:00+00,2025-02-03 00:00:00+00,630,2025-02-27 00:00:00+00,2025-03-24 00:00:00+00,PGM_SIMULATION,37,573,2025-13,49.7,512
2485,PNQ-GH3,899,8,2025-07,36,2025-05-15 00:00:00+00,2025-02-10 00:00:00+00,630,2025-03-06 00:00:00+00,2025-03-31 00:00:00+00,PGM_SIMULATION,37,573,2025-14,52,512
2486,PNQ-GH3,899,8,2025-08,37,2025-05-15 00:00:00+00,2025-02-17 00:00:00+00,630,2025-03-13 00:00:00+00,2025-04-07 00:00:00+00,PGM_SIMULATION,37,573,2025-15,49,512
2487,PNQ-GH3,899,8,2025-01,37,2025-05-15 00:00:00+00,2024-12-30 00:00:00+00,630,2025-01-23 00:00:00+00,2025-02-17 00:00:00+00,PGM_SIMULATION,37,573,2025-08,,
2488,PNQ-GH3,899,8,2025-02,36,2025-05-15 00:00:00+00,2025-01-06 00:00:00+00,630,2025-01-30 00:00:00+00,2025-02-24 00:00:00+00,PGM_SIMULATION,37,573,2025-09,,
2489,PNQ-GH3,899,8,2025-03,37,2025-05-15 00:00:00+00,2025-01-13 00:00:00+00,630,2025-02-06 00:00:00+00,2025-03-03 00:00:00+00,PGM_SIMULATION,37,573,2025-10,63.8,512
2490,PNQ-GH3,899,8,2025-04,37,2025-05-15 00:00:00+00,2025-01-20 00:00:00+00,630,2025-02-13 00:00:00+00,2025-03-10 00:00:00+00,PGM_SIMULATION,37,573,2025-11,22.8,272
2491,PNQ-GH3,891,5,2025-17,35,2025-05-15 00:00:00+00,2025-04-21 00:00:00+00,596,2025-05-15 00:00:00+00,2025-06-09 00:00:00+00,PGM_SIMULATION,35,542,2025-24,,
2492,PNQ-GH3,891,5,2025-18,35,2025-05-15 00:00:00+00,2025-04-28 00:00:00+00,596,2025-05-22 00:00:00+00,2025-06-16 00:00:00+00,PGM_SIMULATION,35,542,2025-25,,
2493,PNQ-GH3,891,5,2025-19,35,2025-05-15 00:00:00+00,2025-05-05 00:00:00+00,596,2025-05-29 00:00:00+00,2025-06-23 00:00:00+00,PGM_SIMULATION,35,542,2025-26,,
2494,PNQ-GH3,891,5,2025-20,34,2025-05-15 00:00:00+00,2025-05-12 00:00:00+00,596,2025-06-05 00:00:00+00,2025-06-30 00:00:00+00,PGM_SIMULATION,35,542,2025-27,,
2495,PNQ-GH3,891,5,2025-13,35,2025-05-15 00:00:00+00,2025-03-24 00:00:00+00,596,2025-04-17 00:00:00+00,2025-05-12 00:00:00+00,PGM_SIMULATION,35,542,2025-20,63.1,798
2496,PNQ-GH3,891,5,2025-14,35,2025-05-15 00:00:00+00,2025-03-31 00:00:00+00,596,2025-04-24 00:00:00+00,2025-05-19 00:00:00+00,PGM_SIMULATION,35,542,2025-21,85.3,864
2497,PNQ-GH3,891,5,2025-15,35,2025-05-15 00:00:00+00,2025-04-07 00:00:00+00,596,2025-05-01 00:00:00+00,2025-05-26 00:00:00+00,PGM_SIMULATION,35,542,2025-22,106.9,881
2498,PNQ-GH3,891,5,2025-16,35,2025-05-15 00:00:00+00,2025-04-14 00:00:00+00,596,2025-05-08 00:00:00+00,2025-06-02 00:00:00+00,PGM_SIMULATION,35,542,2025-23,,
2499,PNQ-GH3,891,5,2025-09,35,2025-05-15 00:00:00+00,2025-02-24 00:00:00+00,596,2025-03-20 00:00:00+00,2025-04-14 00:00:00+00,PGM_SIMULATION,35,542,2025-16,101.1,865
2500,PNQ-GH3,891,5,2025-10,34,2025-05-15 00:00:00+00,2025-03-03 00:00:00+00,596,2025-03-27 00:00:00+00,2025-04-21 00:00:00+00,PGM_SIMULATION,35,542,2025-17,100.2,864
2501,PNQ-GH3,891,5,2025-11,35,2025-05-15 00:00:00+00,2025-03-10 00:00:00+00,596,2025-04-03 00:00:00+00,2025-04-28 00:00:00+00,PGM_SIMULATION,35,542,2025-18,88.5,862
2502,PNQ-GH3,891,5,2025-12,35,2025-05-15 00:00:00+00,2025-03-17 00:00:00+00,596,2025-04-10 00:00:00+00,2025-05-05 00:00:00+00,PGM_SIMULATION,35,542,2025-19,79.6,798
2503,PNQ-GH3,891,5,2025-05,35,2025-05-15 00:00:00+00,2025-01-27 00:00:00+00,596,2025-02-20 00:00:00+00,2025-03-17 00:00:00+00,PGM_SIMULATION,35,542,2025-12,117.5,896
2504,PNQ-GH3,891,5,2025-06,35,2025-05-15 00:00:00+00,2025-02-03 00:00:00+00,596,2025-02-27 00:00:00+00,2025-03-24 00:00:00+00,PGM_SIMULATION,35,542,2025-13,96.9,864
2505,PNQ-GH3,891,5,2025-07,35,2025-05-15 00:00:00+00,2025-02-10 00:00:00+00,596,2025-03-06 00:00:00+00,2025-03-31 00:00:00+00,PGM_SIMULATION,35,542,2025-14,125.1,864
2506,PNQ-GH3,891,5,2025-08,35,2025-05-15 00:00:00+00,2025-02-17 00:00:00+00,596,2025-03-13 00:00:00+00,2025-04-07 00:00:00+00,PGM_SIMULATION,35,542,2025-15,128.9,864
2507,PNQ-GH3,891,5,2025-01,34,2025-05-15 00:00:00+00,2024-12-30 00:00:00+00,596,2025-01-23 00:00:00+00,2025-02-17 00:00:00+00,PGM_SIMULATION,35,542,2025-08,,
2508,PNQ-GH3,891,5,2025-02,35,2025-05-15 00:00:00+00,2025-01-06 00:00:00+00,596,2025-01-30 00:00:00+00,2025-02-24 00:00:00+00,PGM_SIMULATION,35,542,2025-09,,
2509,PNQ-GH3,891,5,2025-03,35,2025-05-15 00:00:00+00,2025-01-13 00:00:00+00,596,2025-02-06 00:00:00+00,2025-03-03 00:00:00+00,PGM_SIMULATION,35,542,2025-10,114.6,889
2510,PNQ-GH3,891,5,2025-04,33,2025-05-15 00:00:00+00,2025-01-20 00:00:00+00,596,2025-02-13 00:00:00+00,2025-03-10 00:00:00+00,PGM_SIMULATION,35,542,2025-11,104.1,864
2511,PNQ-GH3,889,6,2025-17,31,2025-05-15 00:00:00+00,2025-04-21 00:00:00+00,528,2025-05-15 00:00:00+00,2025-06-09 00:00:00+00,PGM_SIMULATION,31,480,2025-24,,
2512,PNQ-GH3,889,6,2025-18,31,2025-05-15 00:00:00+00,2025-04-28 00:00:00+00,528,2025-05-22 00:00:00+00,2025-06-16 00:00:00+00,PGM_SIMULATION,31,480,2025-25,,
2513,PNQ-GH3,889,6,2025-19,31,2025-05-15 00:00:00+00,2025-05-05 00:00:00+00,528,2025-05-29 00:00:00+00,2025-06-23 00:00:00+00,PGM_SIMULATION,31,480,2025-26,,
2514,PNQ-GH3,889,6,2025-20,31,2025-05-15 00:00:00+00,2025-05-12 00:00:00+00,528,2025-06-05 00:00:00+00,2025-06-30 00:00:00+00,PGM_SIMULATION,31,480,2025-27,,
2515,PNQ-GH3,889,6,2025-13,31,2025-05-15 00:00:00+00,2025-03-24 00:00:00+00,528,2025-04-17 00:00:00+00,2025-05-12 00:00:00+00,PGM_SIMULATION,31,480,2025-20,62.3,800
2516,PNQ-GH3,889,6,2025-14,31,2025-05-15 00:00:00+00,2025-03-31 00:00:00+00,528,2025-04-24 00:00:00+00,2025-05-19 00:00:00+00,PGM_SIMULATION,31,480,2025-21,82.1,736
2517,PNQ-GH3,889,6,2025-15,31,2025-05-15 00:00:00+00,2025-04-07 00:00:00+00,528,2025-05-01 00:00:00+00,2025-05-26 00:00:00+00,PGM_SIMULATION,31,480,2025-22,96.3,768
2518,PNQ-GH3,889,6,2025-16,30,2025-05-15 00:00:00+00,2025-04-14 00:00:00+00,528,2025-05-08 00:00:00+00,2025-06-02 00:00:00+00,PGM_SIMULATION,31,480,2025-23,,
2519,PNQ-GH3,889,6,2025-09,31,2025-05-15 00:00:00+00,2025-02-24 00:00:00+00,528,2025-03-20 00:00:00+00,2025-04-14 00:00:00+00,PGM_SIMULATION,31,480,2025-16,84.2,765
2520,PNQ-GH3,889,6,2025-10,31,2025-05-15 00:00:00+00,2025-03-03 00:00:00+00,528,2025-03-27 00:00:00+00,2025-04-21 00:00:00+00,PGM_SIMULATION,31,480,2025-17,88.3,768
2521,PNQ-GH3,889,6,2025-11,31,2025-05-15 00:00:00+00,2025-03-10 00:00:00+00,528,2025-04-03 00:00:00+00,2025-04-28 00:00:00+00,PGM_SIMULATION,31,480,2025-18,59.1,773
2522,PNQ-GH3,889,6,2025-12,30,2025-05-15 00:00:00+00,2025-03-17 00:00:00+00,528,2025-04-10 00:00:00+00,2025-05-05 00:00:00+00,PGM_SIMULATION,31,480,2025-19,67.2,740
2523,PNQ-GH3,889,6,2025-05,31,2025-05-15 00:00:00+00,2025-01-27 00:00:00+00,528,2025-02-20 00:00:00+00,2025-03-17 00:00:00+00,PGM_SIMULATION,31,480,2025-12,103.3,800
2524,PNQ-GH3,889,6,2025-06,31,2025-05-15 00:00:00+00,2025-02-03 00:00:00+00,528,2025-02-27 00:00:00+00,2025-03-24 00:00:00+00,PGM_SIMULATION,31,480,2025-13,87.3,752
2525,PNQ-GH3,889,6,2025-07,31,2025-05-15 00:00:00+00,2025-02-10 00:00:00+00,528,2025-03-06 00:00:00+00,2025-03-31 00:00:00+00,PGM_SIMULATION,31,480,2025-14,105.4,768
2526,PNQ-GH3,889,6,2025-08,31,2025-05-15 00:00:00+00,2025-02-17 00:00:00+00,528,2025-03-13 00:00:00+00,2025-04-07 00:00:00+00,PGM_SIMULATION,31,480,2025-15,100.5,771
2527,PNQ-GH3,889,6,2025-01,31,2025-05-15 00:00:00+00,2024-12-30 00:00:00+00,528,2025-01-23 00:00:00+00,2025-02-17 00:00:00+00,PGM_SIMULATION,31,480,2025-08,,
2528,PNQ-GH3,889,6,2025-02,31,2025-05-15 00:00:00+00,2025-01-06 00:00:00+00,528,2025-01-30 00:00:00+00,2025-02-24 00:00:00+00,PGM_SIMULATION,31,480,2025-09,,
2529,PNQ-GH3,889,6,2025-03,31,2025-05-15 00:00:00+00,2025-01-13 00:00:00+00,528,2025-02-06 00:00:00+00,2025-03-03 00:00:00+00,PGM_SIMULATION,31,480,2025-10,105.4,1030
2530,PNQ-GH3,889,6,2025-04,-17,2025-05-15 00:00:00+00,2025-01-20 00:00:00+00,528,2025-02-13 00:00:00+00,2025-03-10 00:00:00+00,PGM_SIMULATION,31,480,2025-11,102.1,768
2531,PNQ-GH3,905,42,2025-17,9,2025-05-15 00:00:00+00,2025-04-21 00:00:00+00,293,2025-05-19 00:00:00+00,2025-06-16 00:00:00+00,PGM_SIMULATION,17,279,2025-25,,
2532,PNQ-GH3,905,42,2025-18,9,2025-05-15 00:00:00+00,2025-04-28 00:00:00+00,293,2025-05-26 00:00:00+00,2025-06-23 00:00:00+00,PGM_SIMULATION,17,279,2025-26,,
2533,PNQ-GH3,905,42,2025-19,9,2025-05-15 00:00:00+00,2025-05-05 00:00:00+00,293,2025-06-02 00:00:00+00,2025-06-30 00:00:00+00,PGM_SIMULATION,17,279,2025-27,,
2534,PNQ-GH3,905,42,2025-20,9,2025-05-15 00:00:00+00,2025-05-12 00:00:00+00,293,2025-06-09 00:00:00+00,2025-07-07 00:00:00+00,PGM_SIMULATION,17,279,2025-28,,
2535,PNQ-GH3,905,42,2025-13,9,2025-05-15 00:00:00+00,2025-03-24 00:00:00+00,293,2025-04-21 00:00:00+00,2025-05-19 00:00:00+00,PGM_SIMULATION,17,279,2025-21,11.4,144
2536,PNQ-GH3,905,42,2025-14,9,2025-05-15 00:00:00+00,2025-03-31 00:00:00+00,293,2025-04-28 00:00:00+00,2025-05-26 00:00:00+00,PGM_SIMULATION,17,279,2025-22,21.4,179
2537,PNQ-GH3,905,42,2025-15,9,2025-05-15 00:00:00+00,2025-04-07 00:00:00+00,293,2025-05-05 00:00:00+00,2025-06-02 00:00:00+00,PGM_SIMULATION,17,279,2025-23,,
2538,PNQ-GH3,905,42,2025-16,9,2025-05-15 00:00:00+00,2025-04-14 00:00:00+00,293,2025-05-12 00:00:00+00,2025-06-09 00:00:00+00,PGM_SIMULATION,17,279,2025-24,,
2539,PNQ-GH3,905,42,2025-09,9,2025-05-15 00:00:00+00,2025-02-24 00:00:00+00,293,2025-03-24 00:00:00+00,2025-04-21 00:00:00+00,PGM_SIMULATION,17,279,2025-17,19.1,192
2540,PNQ-GH3,905,42,2025-10,9,2025-05-15 00:00:00+00,2025-03-03 00:00:00+00,293,2025-03-31 00:00:00+00,2025-04-28 00:00:00+00,PGM_SIMULATION,17,279,2025-18,8.1,96
2541,PNQ-GH3,905,42,2025-11,9,2025-05-15 00:00:00+00,2025-03-10 00:00:00+00,293,2025-04-07 00:00:00+00,2025-05-05 00:00:00+00,PGM_SIMULATION,17,279,2025-19,16.4,192
2542,PNQ-GH3,905,42,2025-12,9,2025-05-15 00:00:00+00,2025-03-17 00:00:00+00,293,2025-04-14 00:00:00+00,2025-05-12 00:00:00+00,PGM_SIMULATION,17,279,2025-20,9.1,176
2543,PNQ-GH3,905,42,2025-05,9,2025-05-15 00:00:00+00,2025-01-27 00:00:00+00,293,2025-02-24 00:00:00+00,2025-03-24 00:00:00+00,PGM_SIMULATION,17,279,2025-13,24,224
2544,PNQ-GH3,905,42,2025-06,9,2025-05-15 00:00:00+00,2025-02-03 00:00:00+00,293,2025-03-03 00:00:00+00,2025-03-31 00:00:00+00,PGM_SIMULATION,17,279,2025-14,21.7,202
2545,PNQ-GH3,905,42,2025-07,9,2025-05-15 00:00:00+00,2025-02-10 00:00:00+00,293,2025-03-10 00:00:00+00,2025-04-07 00:00:00+00,PGM_SIMULATION,17,279,2025-15,28.5,211
2546,PNQ-GH3,905,42,2025-08,9,2025-05-15 00:00:00+00,2025-02-17 00:00:00+00,293,2025-03-17 00:00:00+00,2025-04-14 00:00:00+00,PGM_SIMULATION,17,279,2025-16,16.9,161
2547,PNQ-GH3,905,42,2025-01,9,2025-05-15 00:00:00+00,2024-12-30 00:00:00+00,293,2025-01-27 00:00:00+00,2025-02-24 00:00:00+00,PGM_SIMULATION,17,279,2025-09,,
2548,PNQ-GH3,905,42,2025-02,9,2025-05-15 00:00:00+00,2025-01-06 00:00:00+00,293,2025-02-03 00:00:00+00,2025-03-03 00:00:00+00,PGM_SIMULATION,17,279,2025-10,26.5,192
2549,PNQ-GH3,905,42,2025-03,9,2025-05-15 00:00:00+00,2025-01-13 00:00:00+00,293,2025-02-10 00:00:00+00,2025-03-10 00:00:00+00,PGM_SIMULATION,17,279,2025-11,30.4,192
2550,PNQ-GH3,905,42,2025-04,9,2025-05-15 00:00:00+00,2025-01-20 00:00:00+00,293,2025-02-17 00:00:00+00,2025-03-17 00:00:00+00,PGM_SIMULATION,17,279,2025-12,34.2,208
2551,PNQ-GH2,890,4,2025-17,38,2025-05-15 00:00:00+00,2025-04-21 00:00:00+00,648,2025-05-19 00:00:00+00,2025-06-16 00:00:00+00,PGM_SIMULATION,38,589,2025-25,,
2552,PNQ-GH2,890,4,2025-18,38,2025-05-15 00:00:00+00,2025-04-28 00:00:00+00,648,2025-05-26 00:00:00+00,2025-06-23 00:00:00+00,PGM_SIMULATION,38,589,2025-26,,
2553,PNQ-GH2,890,4,2025-19,38,2025-05-15 00:00:00+00,2025-05-05 00:00:00+00,648,2025-06-02 00:00:00+00,2025-06-30 00:00:00+00,PGM_SIMULATION,38,589,2025-27,,
2554,PNQ-GH2,890,4,2025-20,38,2025-05-15 00:00:00+00,2025-05-12 00:00:00+00,648,2025-06-09 00:00:00+00,2025-07-07 00:00:00+00,PGM_SIMULATION,38,589,2025-28,,
2555,PNQ-GH2,890,4,2025-13,38,2025-05-15 00:00:00+00,2025-03-24 00:00:00+00,648,2025-04-21 00:00:00+00,2025-05-19 00:00:00+00,PGM_SIMULATION,38,589,2025-21,47.8,649
2556,PNQ-GH2,890,4,2025-14,38,2025-05-15 00:00:00+00,2025-03-31 00:00:00+00,648,2025-04-28 00:00:00+00,2025-05-26 00:00:00+00,PGM_SIMULATION,38,589,2025-22,44.8,662
2557,PNQ-GH2,890,4,2025-15,38,2025-05-15 00:00:00+00,2025-04-07 00:00:00+00,648,2025-05-05 00:00:00+00,2025-06-02 00:00:00+00,PGM_SIMULATION,38,589,2025-23,,
2558,PNQ-GH2,890,4,2025-16,38,2025-05-15 00:00:00+00,2025-04-14 00:00:00+00,648,2025-05-12 00:00:00+00,2025-06-09 00:00:00+00,PGM_SIMULATION,38,589,2025-24,,
2559,PNQ-GH2,890,4,2025-09,38,2025-05-15 00:00:00+00,2025-02-24 00:00:00+00,648,2025-03-24 00:00:00+00,2025-04-21 00:00:00+00,PGM_SIMULATION,38,589,2025-17,21.6,414
2560,PNQ-GH2,890,4,2025-10,38,2025-05-15 00:00:00+00,2025-03-03 00:00:00+00,648,2025-03-31 00:00:00+00,2025-04-28 00:00:00+00,PGM_SIMULATION,38,589,2025-18,50.1,640
2561,PNQ-GH2,890,4,2025-11,38,2025-05-15 00:00:00+00,2025-03-10 00:00:00+00,648,2025-04-07 00:00:00+00,2025-05-05 00:00:00+00,PGM_SIMULATION,38,589,2025-19,52.5,704
2562,PNQ-GH2,890,4,2025-12,38,2025-05-15 00:00:00+00,2025-03-17 00:00:00+00,648,2025-04-14 00:00:00+00,2025-05-12 00:00:00+00,PGM_SIMULATION,38,589,2025-20,50.3,656
2563,PNQ-GH2,890,4,2025-05,38,2025-05-15 00:00:00+00,2025-01-27 00:00:00+00,648,2025-02-24 00:00:00+00,2025-03-24 00:00:00+00,PGM_SIMULATION,38,589,2025-13,51.1,672
2564,PNQ-GH2,890,4,2025-06,38,2025-05-15 00:00:00+00,2025-02-03 00:00:00+00,648,2025-03-03 00:00:00+00,2025-03-31 00:00:00+00,PGM_SIMULATION,38,589,2025-14,57.6,640
2565,PNQ-GH2,890,4,2025-07,38,2025-05-15 00:00:00+00,2025-02-10 00:00:00+00,648,2025-03-10 00:00:00+00,2025-04-07 00:00:00+00,PGM_SIMULATION,38,589,2025-15,69.1,688
2566,PNQ-GH2,890,4,2025-08,38,2025-05-15 00:00:00+00,2025-02-17 00:00:00+00,648,2025-03-17 00:00:00+00,2025-04-14 00:00:00+00,PGM_SIMULATION,38,589,2025-16,55.5,579
2567,PNQ-GH2,890,4,2025-01,38,2025-05-15 00:00:00+00,2024-12-30 00:00:00+00,648,2025-01-27 00:00:00+00,2025-02-24 00:00:00+00,PGM_SIMULATION,38,589,2025-09,,
2568,PNQ-GH2,890,4,2025-02,38,2025-05-15 00:00:00+00,2025-01-06 00:00:00+00,648,2025-02-03 00:00:00+00,2025-03-03 00:00:00+00,PGM_SIMULATION,38,589,2025-10,78.6,659
2569,PNQ-GH2,890,4,2025-03,38,2025-05-15 00:00:00+00,2025-01-13 00:00:00+00,648,2025-02-10 00:00:00+00,2025-03-10 00:00:00+00,PGM_SIMULATION,38,589,2025-11,80.6,672
2570,PNQ-GH2,890,4,2025-04,38,2025-05-15 00:00:00+00,2025-01-20 00:00:00+00,648,2025-02-17 00:00:00+00,2025-03-17 00:00:00+00,PGM_SIMULATION,38,589,2025-12,68.9,656
2571,PNQ-GH2,892,11,2025-17,24,2025-05-15 00:00:00+00,2025-04-21 00:00:00+00,818,2025-05-19 00:00:00+00,2025-06-16 00:00:00+00,PGM_SIMULATION,48,744,2025-25,,
2572,PNQ-GH2,892,11,2025-18,24,2025-05-15 00:00:00+00,2025-04-28 00:00:00+00,818,2025-05-26 00:00:00+00,2025-06-23 00:00:00+00,PGM_SIMULATION,48,744,2025-26,,
2573,PNQ-GH2,892,11,2025-19,24,2025-05-15 00:00:00+00,2025-05-05 00:00:00+00,818,2025-06-02 00:00:00+00,2025-06-30 00:00:00+00,PGM_SIMULATION,48,744,2025-27,,
2574,PNQ-GH2,892,11,2025-20,24,2025-05-15 00:00:00+00,2025-05-12 00:00:00+00,818,2025-06-09 00:00:00+00,2025-07-07 00:00:00+00,PGM_SIMULATION,48,744,2025-28,,
2575,PNQ-GH2,892,11,2025-13,24,2025-05-15 00:00:00+00,2025-03-24 00:00:00+00,818,2025-04-21 00:00:00+00,2025-05-19 00:00:00+00,PGM_SIMULATION,48,744,2025-21,17.1,1178
2576,PNQ-GH2,892,11,2025-14,24,2025-05-15 00:00:00+00,2025-03-31 00:00:00+00,818,2025-04-28 00:00:00+00,2025-05-26 00:00:00+00,PGM_SIMULATION,48,744,2025-22,5.9,558
2577,PNQ-GH2,892,11,2025-15,24,2025-05-15 00:00:00+00,2025-04-07 00:00:00+00,818,2025-05-05 00:00:00+00,2025-06-02 00:00:00+00,PGM_SIMULATION,48,744,2025-23,,
2578,PNQ-GH2,892,11,2025-16,24,2025-05-15 00:00:00+00,2025-04-14 00:00:00+00,818,2025-05-12 00:00:00+00,2025-06-09 00:00:00+00,PGM_SIMULATION,48,744,2025-24,,
2579,PNQ-GH2,892,11,2025-09,24,2025-05-15 00:00:00+00,2025-02-24 00:00:00+00,818,2025-03-24 00:00:00+00,2025-04-21 00:00:00+00,PGM_SIMULATION,48,744,2025-17,7.3,682
2580,PNQ-GH2,892,11,2025-10,24,2025-05-15 00:00:00+00,2025-03-03 00:00:00+00,818,2025-03-31 00:00:00+00,2025-04-28 00:00:00+00,PGM_SIMULATION,48,744,2025-18,10.5,494
2581,PNQ-GH2,892,11,2025-11,24,2025-05-15 00:00:00+00,2025-03-10 00:00:00+00,818,2025-04-07 00:00:00+00,2025-05-05 00:00:00+00,PGM_SIMULATION,48,744,2025-19,15.2,1240
2582,PNQ-GH2,892,11,2025-12,24,2025-05-15 00:00:00+00,2025-03-17 00:00:00+00,818,2025-04-14 00:00:00+00,2025-05-12 00:00:00+00,PGM_SIMULATION,48,744,2025-20,12.1,1519
2583,PNQ-GH2,892,11,2025-05,24,2025-05-15 00:00:00+00,2025-01-27 00:00:00+00,818,2025-02-24 00:00:00+00,2025-03-24 00:00:00+00,PGM_SIMULATION,48,744,2025-13,13.1,1488
2584,PNQ-GH2,892,11,2025-06,24,2025-05-15 00:00:00+00,2025-02-03 00:00:00+00,818,2025-03-03 00:00:00+00,2025-03-31 00:00:00+00,PGM_SIMULATION,48,744,2025-14,16.1,1488
2585,PNQ-GH2,892,11,2025-07,24,2025-05-15 00:00:00+00,2025-02-10 00:00:00+00,818,2025-03-10 00:00:00+00,2025-04-07 00:00:00+00,PGM_SIMULATION,48,744,2025-15,19.1,1519
2586,PNQ-GH2,892,11,2025-08,24,2025-05-15 00:00:00+00,2025-02-17 00:00:00+00,818,2025-03-17 00:00:00+00,2025-04-14 00:00:00+00,PGM_SIMULATION,48,744,2025-16,15,1215
2587,PNQ-GH2,892,11,2025-01,24,2025-05-15 00:00:00+00,2024-12-30 00:00:00+00,818,2025-01-27 00:00:00+00,2025-02-24 00:00:00+00,PGM_SIMULATION,48,744,2025-09,,
2588,PNQ-GH2,892,11,2025-02,24,2025-05-15 00:00:00+00,2025-01-06 00:00:00+00,818,2025-02-03 00:00:00+00,2025-03-03 00:00:00+00,PGM_SIMULATION,48,744,2025-10,27.5,1488
2589,PNQ-GH2,892,11,2025-03,24,2025-05-15 00:00:00+00,2025-01-13 00:00:00+00,818,2025-02-10 00:00:00+00,2025-03-10 00:00:00+00,PGM_SIMULATION,48,744,2025-11,33.6,1488
2590,PNQ-GH2,892,11,2025-04,24,2025-05-15 00:00:00+00,2025-01-20 00:00:00+00,818,2025-02-17 00:00:00+00,2025-03-17 00:00:00+00,PGM_SIMULATION,48,744,2025-12,14.7,1302
2591,PNQ-GH2,903,18,2025-17,11,2025-05-15 00:00:00+00,2025-04-21 00:00:00+00,375,2025-05-19 00:00:00+00,2025-06-16 00:00:00+00,PGM_SIMULATION,22,341,2025-25,,
2592,PNQ-GH2,903,18,2025-18,11,2025-05-15 00:00:00+00,2025-04-28 00:00:00+00,375,2025-05-26 00:00:00+00,2025-06-23 00:00:00+00,PGM_SIMULATION,22,341,2025-26,,
2593,PNQ-GH2,903,18,2025-19,11,2025-05-15 00:00:00+00,2025-05-05 00:00:00+00,375,2025-06-02 00:00:00+00,2025-06-30 00:00:00+00,PGM_SIMULATION,22,341,2025-27,,
2594,PNQ-GH2,903,18,2025-20,11,2025-05-15 00:00:00+00,2025-05-12 00:00:00+00,375,2025-06-09 00:00:00+00,2025-07-07 00:00:00+00,PGM_SIMULATION,22,341,2025-28,,
2596,PNQ-GH2,903,18,2025-14,11,2025-05-15 00:00:00+00,2025-03-31 00:00:00+00,375,2025-04-28 00:00:00+00,2025-05-26 00:00:00+00,PGM_SIMULATION,22,341,2025-22,2.5,372
2597,PNQ-GH2,903,18,2025-15,11,2025-05-15 00:00:00+00,2025-04-07 00:00:00+00,375,2025-05-05 00:00:00+00,2025-06-02 00:00:00+00,PGM_SIMULATION,22,341,2025-23,,
2598,PNQ-GH2,903,18,2025-16,11,2025-05-15 00:00:00+00,2025-04-14 00:00:00+00,375,2025-05-12 00:00:00+00,2025-06-09 00:00:00+00,PGM_SIMULATION,22,341,2025-24,,
2611,PNQ-GH2,894,20,2025-16,11,2025-05-15 00:00:00+00,2025-04-14 00:00:00+00,375,2025-05-08 00:00:00+00,2025-06-12 00:00:00+00,PGM_SIMULATION,22,341,2025-24,,
2612,PNQ-GH2,894,20,2025-17,11,2025-05-15 00:00:00+00,2025-04-21 00:00:00+00,375,2025-05-15 00:00:00+00,2025-06-19 00:00:00+00,PGM_SIMULATION,22,341,2025-25,,
2613,PNQ-GH2,894,20,2025-18,11,2025-05-15 00:00:00+00,2025-04-28 00:00:00+00,375,2025-05-22 00:00:00+00,2025-06-26 00:00:00+00,PGM_SIMULATION,22,341,2025-26,,
2614,PNQ-GH2,894,20,2025-19,11,2025-05-15 00:00:00+00,2025-05-05 00:00:00+00,375,2025-05-29 00:00:00+00,2025-07-03 00:00:00+00,PGM_SIMULATION,22,341,2025-27,,
2615,PNQ-GH2,894,20,2025-20,11,2025-05-15 00:00:00+00,2025-05-12 00:00:00+00,375,2025-06-05 00:00:00+00,2025-07-10 00:00:00+00,PGM_SIMULATION,22,341,2025-28,,
2616,PNQ-GH2,894,20,2025-11,11,2025-05-15 00:00:00+00,2025-03-10 00:00:00+00,375,2025-04-03 00:00:00+00,2025-05-08 00:00:00+00,PGM_SIMULATION,22,341,2025-19,3,1147
2617,PNQ-GH2,894,20,2025-12,11,2025-05-15 00:00:00+00,2025-03-17 00:00:00+00,375,2025-04-10 00:00:00+00,2025-05-15 00:00:00+00,PGM_SIMULATION,22,341,2025-20,1.4,465
2618,PNQ-GH2,894,20,2025-13,11,2025-05-15 00:00:00+00,2025-03-24 00:00:00+00,375,2025-04-17 00:00:00+00,2025-05-22 00:00:00+00,PGM_SIMULATION,22,341,2025-21,0.9,372
2619,PNQ-GH2,894,20,2025-14,11,2025-05-15 00:00:00+00,2025-03-31 00:00:00+00,375,2025-04-24 00:00:00+00,2025-05-29 00:00:00+00,PGM_SIMULATION,22,341,2025-22,,
2620,PNQ-GH2,894,20,2025-15,11,2025-05-15 00:00:00+00,2025-04-07 00:00:00+00,375,2025-05-01 00:00:00+00,2025-06-05 00:00:00+00,PGM_SIMULATION,22,341,2025-23,,
2621,PNQ-GH2,894,20,2025-06,11,2025-05-15 00:00:00+00,2025-02-03 00:00:00+00,375,2025-02-27 00:00:00+00,2025-04-03 00:00:00+00,PGM_SIMULATION,22,341,2025-14,9,368
2622,PNQ-GH2,894,20,2025-07,11,2025-05-15 00:00:00+00,2025-02-10 00:00:00+00,375,2025-03-06 00:00:00+00,2025-04-10 00:00:00+00,PGM_SIMULATION,22,341,2025-15,9.7,687
2623,PNQ-GH2,894,20,2025-08,11,2025-05-15 00:00:00+00,2025-02-17 00:00:00+00,375,2025-03-13 00:00:00+00,2025-04-17 00:00:00+00,PGM_SIMULATION,22,341,2025-16,4.3,310
2624,PNQ-GH2,894,20,2025-09,11,2025-05-15 00:00:00+00,2025-02-24 00:00:00+00,375,2025-03-20 00:00:00+00,2025-04-24 00:00:00+00,PGM_SIMULATION,22,341,2025-17,7.3,496
2625,PNQ-GH2,894,20,2025-10,11,2025-05-15 00:00:00+00,2025-03-03 00:00:00+00,375,2025-03-27 00:00:00+00,2025-05-01 00:00:00+00,PGM_SIMULATION,22,341,2025-18,4.5,384
2626,PNQ-GH2,894,20,2025-01,11,2025-05-15 00:00:00+00,2024-12-30 00:00:00+00,375,2025-01-23 00:00:00+00,2025-02-27 00:00:00+00,PGM_SIMULATION,22,341,2025-09,,
2627,PNQ-GH2,894,20,2025-02,11,2025-05-15 00:00:00+00,2025-01-06 00:00:00+00,375,2025-01-30 00:00:00+00,2025-03-06 00:00:00+00,PGM_SIMULATION,22,341,2025-10,16.1,310
2628,PNQ-GH2,894,20,2025-03,11,2025-05-15 00:00:00+00,2025-01-13 00:00:00+00,375,2025-02-06 00:00:00+00,2025-03-13 00:00:00+00,PGM_SIMULATION,22,341,2025-11,21.7,589
2629,PNQ-GH2,894,20,2025-04,11,2025-05-15 00:00:00+00,2025-01-20 00:00:00+00,375,2025-02-13 00:00:00+00,2025-03-20 00:00:00+00,PGM_SIMULATION,22,341,2025-12,12.6,372
2630,PNQ-GH2,894,20,2025-05,11,2025-05-15 00:00:00+00,2025-01-27 00:00:00+00,375,2025-02-20 00:00:00+00,2025-03-27 00:00:00+00,PGM_SIMULATION,22,341,2025-13,10.7,248
2631,PNQ-GH2,894,20,2024-48,11,2025-05-15 00:00:00+00,2024-11-25 00:00:00+00,375,2024-12-19 00:00:00+00,2025-01-23 00:00:00+00,PGM_SIMULATION,22,341,2025-04,,
2632,PNQ-GH2,894,20,2024-49,11,2025-05-15 00:00:00+00,2024-12-02 00:00:00+00,375,2024-12-26 00:00:00+00,2025-01-30 00:00:00+00,PGM_SIMULATION,22,341,2025-05,,
2633,PNQ-GH2,894,20,2024-50,11,2025-05-15 00:00:00+00,2024-12-09 00:00:00+00,375,2025-01-02 00:00:00+00,2025-02-06 00:00:00+00,PGM_SIMULATION,22,341,2025-06,,
2634,PNQ-GH2,894,20,2024-51,11,2025-05-15 00:00:00+00,2024-12-16 00:00:00+00,375,2025-01-09 00:00:00+00,2025-02-13 00:00:00+00,PGM_SIMULATION,22,341,2025-07,,
2635,PNQ-GH2,894,20,2024-52,11,2025-05-15 00:00:00+00,2024-12-23 00:00:00+00,375,2025-01-16 00:00:00+00,2025-02-20 00:00:00+00,PGM_SIMULATION,22,341,2025-08,,
2636,PNQ-GH2,902,22,2025-18,4,2025-05-15 00:00:00+00,2025-04-28 00:00:00+00,136,2025-05-19 00:00:00+00,2025-06-09 00:00:00+00,PGM_SIMULATION,8,124,2025-24,,
2637,PNQ-GH2,902,22,2025-19,4,2025-05-15 00:00:00+00,2025-05-05 00:00:00+00,136,2025-05-26 00:00:00+00,2025-06-16 00:00:00+00,PGM_SIMULATION,8,124,2025-25,,
2638,PNQ-GH2,902,22,2025-20,4,2025-05-15 00:00:00+00,2025-05-12 00:00:00+00,136,2025-06-02 00:00:00+00,2025-06-23 00:00:00+00,PGM_SIMULATION,8,124,2025-26,,
2639,PNQ-GH2,902,22,2025-15,4,2025-05-15 00:00:00+00,2025-04-07 00:00:00+00,136,2025-04-28 00:00:00+00,2025-05-19 00:00:00+00,PGM_SIMULATION,8,124,2025-21,4.2,124
2640,PNQ-GH2,902,22,2025-16,4,2025-05-15 00:00:00+00,2025-04-14 00:00:00+00,136,2025-05-05 00:00:00+00,2025-05-26 00:00:00+00,PGM_SIMULATION,8,124,2025-22,8.2,201
2641,PNQ-GH2,902,22,2025-17,4,2025-05-15 00:00:00+00,2025-04-21 00:00:00+00,136,2025-05-12 00:00:00+00,2025-06-02 00:00:00+00,PGM_SIMULATION,8,124,2025-23,,
2642,PNQ-GH2,902,22,2025-12,4,2025-05-15 00:00:00+00,2025-03-17 00:00:00+00,136,2025-04-07 00:00:00+00,2025-04-28 00:00:00+00,PGM_SIMULATION,8,124,2025-18,1.5,31
2643,PNQ-GH2,902,22,2025-13,4,2025-05-15 00:00:00+00,2025-03-24 00:00:00+00,136,2025-04-14 00:00:00+00,2025-05-05 00:00:00+00,PGM_SIMULATION,8,124,2025-19,6.5,250
2644,PNQ-GH2,902,22,2025-14,4,2025-05-15 00:00:00+00,2025-03-31 00:00:00+00,136,2025-04-21 00:00:00+00,2025-05-12 00:00:00+00,PGM_SIMULATION,8,124,2025-20,4.7,124
2645,PNQ-GH2,902,22,2025-09,4,2025-05-15 00:00:00+00,2025-02-24 00:00:00+00,136,2025-03-17 00:00:00+00,2025-04-07 00:00:00+00,PGM_SIMULATION,8,124,2025-15,1.1,62
2646,PNQ-GH2,902,22,2025-10,4,2025-05-15 00:00:00+00,2025-03-03 00:00:00+00,136,2025-03-24 00:00:00+00,2025-04-14 00:00:00+00,PGM_SIMULATION,8,124,2025-16,,
2647,PNQ-GH2,902,22,2025-11,4,2025-05-15 00:00:00+00,2025-03-10 00:00:00+00,136,2025-03-31 00:00:00+00,2025-04-21 00:00:00+00,PGM_SIMULATION,8,124,2025-17,3.5,93
2648,PNQ-GH2,902,22,2025-06,4,2025-05-15 00:00:00+00,2025-02-03 00:00:00+00,136,2025-02-24 00:00:00+00,2025-03-17 00:00:00+00,PGM_SIMULATION,8,124,2025-12,2.6,93
2649,PNQ-GH2,902,22,2025-07,4,2025-05-15 00:00:00+00,2025-02-10 00:00:00+00,136,2025-03-03 00:00:00+00,2025-03-24 00:00:00+00,PGM_SIMULATION,8,124,2025-13,,
2650,PNQ-GH2,902,22,2025-08,4,2025-05-15 00:00:00+00,2025-02-17 00:00:00+00,136,2025-03-10 00:00:00+00,2025-03-31 00:00:00+00,PGM_SIMULATION,8,124,2025-14,,
2651,PNQ-GH2,902,22,2025-03,4,2025-05-15 00:00:00+00,2025-01-13 00:00:00+00,136,2025-02-03 00:00:00+00,2025-02-24 00:00:00+00,PGM_SIMULATION,8,124,2025-09,,
2652,PNQ-GH2,902,22,2025-04,4,2025-05-15 00:00:00+00,2025-01-20 00:00:00+00,136,2025-02-10 00:00:00+00,2025-03-03 00:00:00+00,PGM_SIMULATION,8,124,2025-10,,
2653,PNQ-GH2,902,22,2025-05,4,2025-05-15 00:00:00+00,2025-01-27 00:00:00+00,136,2025-02-17 00:00:00+00,2025-03-10 00:00:00+00,PGM_SIMULATION,8,124,2025-11,,
2654,PNQ-GH2,900,23,2025-17,2,2025-05-15 00:00:00+00,2025-04-21 00:00:00+00,68,2025-05-19 00:00:00+00,2025-06-16 00:00:00+00,PGM_SIMULATION,4,62,2025-25,,
2655,PNQ-GH2,900,23,2025-18,2,2025-05-15 00:00:00+00,2025-04-28 00:00:00+00,68,2025-05-26 00:00:00+00,2025-06-23 00:00:00+00,PGM_SIMULATION,4,62,2025-26,,
2656,PNQ-GH2,900,23,2025-19,2,2025-05-15 00:00:00+00,2025-05-05 00:00:00+00,68,2025-06-02 00:00:00+00,2025-06-30 00:00:00+00,PGM_SIMULATION,4,62,2025-27,,
2657,PNQ-GH2,900,23,2025-20,2,2025-05-15 00:00:00+00,2025-05-12 00:00:00+00,68,2025-06-09 00:00:00+00,2025-07-07 00:00:00+00,PGM_SIMULATION,4,62,2025-28,,
2658,PNQ-GH2,900,23,2025-13,2,2025-05-15 00:00:00+00,2025-03-24 00:00:00+00,68,2025-04-21 00:00:00+00,2025-05-19 00:00:00+00,PGM_SIMULATION,4,62,2025-21,,
2659,PNQ-GH2,900,23,2025-14,2,2025-05-15 00:00:00+00,2025-03-31 00:00:00+00,68,2025-04-28 00:00:00+00,2025-05-26 00:00:00+00,PGM_SIMULATION,4,62,2025-22,,
2660,PNQ-GH2,900,23,2025-15,2,2025-05-15 00:00:00+00,2025-04-07 00:00:00+00,68,2025-05-05 00:00:00+00,2025-06-02 00:00:00+00,PGM_SIMULATION,4,62,2025-23,,
2661,PNQ-GH2,900,23,2025-16,2,2025-05-15 00:00:00+00,2025-04-14 00:00:00+00,68,2025-05-12 00:00:00+00,2025-06-09 00:00:00+00,PGM_SIMULATION,4,62,2025-24,,
2662,PNQ-GH2,900,23,2025-09,2,2025-05-15 00:00:00+00,2025-02-24 00:00:00+00,68,2025-03-24 00:00:00+00,2025-04-21 00:00:00+00,PGM_SIMULATION,4,62,2025-17,,
2663,PNQ-GH2,900,23,2025-10,2,2025-05-15 00:00:00+00,2025-03-03 00:00:00+00,68,2025-03-31 00:00:00+00,2025-04-28 00:00:00+00,PGM_SIMULATION,4,62,2025-18,,
2664,PNQ-GH2,900,23,2025-11,2,2025-05-15 00:00:00+00,2025-03-10 00:00:00+00,68,2025-04-07 00:00:00+00,2025-05-05 00:00:00+00,PGM_SIMULATION,4,62,2025-19,,
2665,PNQ-GH2,900,23,2025-12,2,2025-05-15 00:00:00+00,2025-03-17 00:00:00+00,68,2025-04-14 00:00:00+00,2025-05-12 00:00:00+00,PGM_SIMULATION,4,62,2025-20,0.2,155
2666,PNQ-GH2,900,23,2025-05,2,2025-05-15 00:00:00+00,2025-01-27 00:00:00+00,68,2025-02-24 00:00:00+00,2025-03-24 00:00:00+00,PGM_SIMULATION,4,62,2025-13,0.4,31
2667,PNQ-GH2,900,23,2025-06,2,2025-05-15 00:00:00+00,2025-02-03 00:00:00+00,68,2025-03-03 00:00:00+00,2025-03-31 00:00:00+00,PGM_SIMULATION,4,62,2025-14,,
2668,PNQ-GH2,900,23,2025-07,2,2025-05-15 00:00:00+00,2025-02-10 00:00:00+00,68,2025-03-10 00:00:00+00,2025-04-07 00:00:00+00,PGM_SIMULATION,4,62,2025-15,0.4,155
2669,PNQ-GH2,900,23,2025-08,2,2025-05-15 00:00:00+00,2025-02-17 00:00:00+00,68,2025-03-17 00:00:00+00,2025-04-14 00:00:00+00,PGM_SIMULATION,4,62,2025-16,,
2670,PNQ-GH2,900,23,2025-01,2,2025-05-15 00:00:00+00,2024-12-30 00:00:00+00,68,2025-01-27 00:00:00+00,2025-02-24 00:00:00+00,PGM_SIMULATION,4,62,2025-09,,
2671,PNQ-GH2,900,23,2025-02,2,2025-05-15 00:00:00+00,2025-01-06 00:00:00+00,68,2025-02-03 00:00:00+00,2025-03-03 00:00:00+00,PGM_SIMULATION,4,62,2025-10,0.8,124
2672,PNQ-GH2,900,23,2025-03,2,2025-05-15 00:00:00+00,2025-01-13 00:00:00+00,68,2025-02-10 00:00:00+00,2025-03-10 00:00:00+00,PGM_SIMULATION,4,62,2025-11,0.5,62
2673,PNQ-GH2,900,23,2025-04,2,2025-05-15 00:00:00+00,2025-01-20 00:00:00+00,68,2025-02-17 00:00:00+00,2025-03-17 00:00:00+00,PGM_SIMULATION,4,62,2025-12,0.5,62
2674,PNQ-GH2,893,24,2025-17,11,2025-05-15 00:00:00+00,2025-04-21 00:00:00+00,375,2025-05-19 00:00:00+00,2025-06-16 00:00:00+00,PGM_SIMULATION,22,341,2025-25,,
2675,PNQ-GH2,893,24,2025-18,11,2025-05-15 00:00:00+00,2025-04-28 00:00:00+00,375,2025-05-26 00:00:00+00,2025-06-23 00:00:00+00,PGM_SIMULATION,22,341,2025-26,,
2676,PNQ-GH2,893,24,2025-19,11,2025-05-15 00:00:00+00,2025-05-05 00:00:00+00,375,2025-06-02 00:00:00+00,2025-06-30 00:00:00+00,PGM_SIMULATION,22,341,2025-27,,
2677,PNQ-GH2,893,24,2025-20,11,2025-05-15 00:00:00+00,2025-05-12 00:00:00+00,375,2025-06-09 00:00:00+00,2025-07-07 00:00:00+00,PGM_SIMULATION,22,341,2025-28,,
2678,PNQ-GH2,893,24,2025-13,11,2025-05-15 00:00:00+00,2025-03-24 00:00:00+00,375,2025-04-21 00:00:00+00,2025-05-19 00:00:00+00,PGM_SIMULATION,22,341,2025-21,4.6,372
2679,PNQ-GH2,893,24,2025-14,11,2025-05-15 00:00:00+00,2025-03-31 00:00:00+00,375,2025-04-28 00:00:00+00,2025-05-26 00:00:00+00,PGM_SIMULATION,22,341,2025-22,,
2680,PNQ-GH2,893,24,2025-15,11,2025-05-15 00:00:00+00,2025-04-07 00:00:00+00,375,2025-05-05 00:00:00+00,2025-06-02 00:00:00+00,PGM_SIMULATION,22,341,2025-23,,
2681,PNQ-GH2,893,24,2025-16,11,2025-05-15 00:00:00+00,2025-04-14 00:00:00+00,375,2025-05-12 00:00:00+00,2025-06-09 00:00:00+00,PGM_SIMULATION,22,341,2025-24,,
2682,PNQ-GH2,893,24,2025-09,11,2025-05-15 00:00:00+00,2025-02-24 00:00:00+00,375,2025-03-24 00:00:00+00,2025-04-21 00:00:00+00,PGM_SIMULATION,22,341,2025-17,4.9,291
2683,PNQ-GH2,893,24,2025-10,11,2025-05-15 00:00:00+00,2025-03-03 00:00:00+00,375,2025-03-31 00:00:00+00,2025-04-28 00:00:00+00,PGM_SIMULATION,22,341,2025-18,5.1,217
2684,PNQ-GH2,893,24,2025-11,11,2025-05-15 00:00:00+00,2025-03-10 00:00:00+00,375,2025-04-07 00:00:00+00,2025-05-05 00:00:00+00,PGM_SIMULATION,22,341,2025-19,4.4,248
2685,PNQ-GH2,893,24,2025-12,11,2025-05-15 00:00:00+00,2025-03-17 00:00:00+00,375,2025-04-14 00:00:00+00,2025-05-12 00:00:00+00,PGM_SIMULATION,22,341,2025-20,0.5,93
2686,PNQ-GH2,893,24,2025-05,11,2025-05-15 00:00:00+00,2025-01-27 00:00:00+00,375,2025-02-24 00:00:00+00,2025-03-24 00:00:00+00,PGM_SIMULATION,22,341,2025-13,0.3,10
2687,PNQ-GH2,893,24,2025-06,11,2025-05-15 00:00:00+00,2025-02-03 00:00:00+00,375,2025-03-03 00:00:00+00,2025-03-31 00:00:00+00,PGM_SIMULATION,22,341,2025-14,2.9,248
2688,PNQ-GH2,893,24,2025-07,11,2025-05-15 00:00:00+00,2025-02-10 00:00:00+00,375,2025-03-10 00:00:00+00,2025-04-07 00:00:00+00,PGM_SIMULATION,22,341,2025-15,4.4,230
2689,PNQ-GH2,893,24,2025-08,11,2025-05-15 00:00:00+00,2025-02-17 00:00:00+00,375,2025-03-17 00:00:00+00,2025-04-14 00:00:00+00,PGM_SIMULATION,22,341,2025-16,2,93
2690,PNQ-GH2,893,24,2025-01,11,2025-05-15 00:00:00+00,2024-12-30 00:00:00+00,375,2025-01-27 00:00:00+00,2025-02-24 00:00:00+00,PGM_SIMULATION,22,341,2025-09,,
2691,PNQ-GH2,893,24,2025-02,11,2025-05-15 00:00:00+00,2025-01-06 00:00:00+00,375,2025-02-03 00:00:00+00,2025-03-03 00:00:00+00,PGM_SIMULATION,22,341,2025-10,3.6,279
2692,PNQ-GH2,893,24,2025-03,11,2025-05-15 00:00:00+00,2025-01-13 00:00:00+00,375,2025-02-10 00:00:00+00,2025-03-10 00:00:00+00,PGM_SIMULATION,22,341,2025-11,4.6,233
2693,PNQ-GH2,893,24,2025-04,11,2025-05-15 00:00:00+00,2025-01-20 00:00:00+00,375,2025-02-17 00:00:00+00,2025-03-17 00:00:00+00,PGM_SIMULATION,22,341,2025-12,5.9,279
2694,PNQ-GH2,887,26,2025-18,49,2025-05-15 00:00:00+00,2025-04-28 00:00:00+00,1671,2025-05-19 00:00:00+00,2025-06-09 00:00:00+00,PGM_SIMULATION,98,1519,2025-24,,
2695,PNQ-GH2,887,26,2025-19,49,2025-05-15 00:00:00+00,2025-05-05 00:00:00+00,1671,2025-05-26 00:00:00+00,2025-06-16 00:00:00+00,PGM_SIMULATION,98,1519,2025-25,,
2696,PNQ-GH2,887,26,2025-20,49,2025-05-15 00:00:00+00,2025-05-12 00:00:00+00,1671,2025-06-02 00:00:00+00,2025-06-23 00:00:00+00,PGM_SIMULATION,98,1519,2025-26,,
2697,PNQ-GH2,887,26,2025-15,49,2025-05-15 00:00:00+00,2025-04-07 00:00:00+00,1671,2025-04-28 00:00:00+00,2025-05-19 00:00:00+00,PGM_SIMULATION,98,1519,2025-21,88.5,2449
2698,PNQ-GH2,887,26,2025-16,49,2025-05-15 00:00:00+00,2025-04-14 00:00:00+00,1671,2025-05-05 00:00:00+00,2025-05-26 00:00:00+00,PGM_SIMULATION,98,1519,2025-22,59,2030
2699,PNQ-GH2,887,26,2025-17,49,2025-05-15 00:00:00+00,2025-04-21 00:00:00+00,1671,2025-05-12 00:00:00+00,2025-06-02 00:00:00+00,PGM_SIMULATION,98,1519,2025-23,,
2700,PNQ-GH2,887,26,2025-12,49,2025-05-15 00:00:00+00,2025-03-17 00:00:00+00,1671,2025-04-07 00:00:00+00,2025-04-28 00:00:00+00,PGM_SIMULATION,98,1519,2025-18,118.7,2955
2701,PNQ-GH2,887,26,2025-13,49,2025-05-15 00:00:00+00,2025-03-24 00:00:00+00,1671,2025-04-14 00:00:00+00,2025-05-05 00:00:00+00,PGM_SIMULATION,98,1519,2025-19,97.2,2511
2702,PNQ-GH2,887,26,2025-14,49,2025-05-15 00:00:00+00,2025-03-31 00:00:00+00,1671,2025-04-21 00:00:00+00,2025-05-12 00:00:00+00,PGM_SIMULATION,98,1519,2025-20,110.1,2542
2703,PNQ-GH2,887,26,2025-09,49,2025-05-15 00:00:00+00,2025-02-24 00:00:00+00,1671,2025-03-17 00:00:00+00,2025-04-07 00:00:00+00,PGM_SIMULATION,98,1519,2025-15,95.1,2202
2704,PNQ-GH2,887,26,2025-10,49,2025-05-15 00:00:00+00,2025-03-03 00:00:00+00,1671,2025-03-24 00:00:00+00,2025-04-14 00:00:00+00,PGM_SIMULATION,98,1519,2025-16,43.7,937
2705,PNQ-GH2,887,26,2025-11,49,2025-05-15 00:00:00+00,2025-03-10 00:00:00+00,1671,2025-03-31 00:00:00+00,2025-04-21 00:00:00+00,PGM_SIMULATION,98,1519,2025-17,104.8,2046
2706,PNQ-GH2,887,26,2025-06,49,2025-05-15 00:00:00+00,2025-02-03 00:00:00+00,1671,2025-02-24 00:00:00+00,2025-03-17 00:00:00+00,PGM_SIMULATION,98,1519,2025-12,57.6,1452
2707,PNQ-GH2,887,26,2025-07,49,2025-05-15 00:00:00+00,2025-02-10 00:00:00+00,1671,2025-03-03 00:00:00+00,2025-03-24 00:00:00+00,PGM_SIMULATION,98,1519,2025-13,53,1767
2708,PNQ-GH2,887,26,2025-08,49,2025-05-15 00:00:00+00,2025-02-17 00:00:00+00,1671,2025-03-10 00:00:00+00,2025-03-31 00:00:00+00,PGM_SIMULATION,98,1519,2025-14,56.4,1457
2709,PNQ-GH2,887,26,2025-03,49,2025-05-15 00:00:00+00,2025-01-13 00:00:00+00,1671,2025-02-03 00:00:00+00,2025-02-24 00:00:00+00,PGM_SIMULATION,98,1519,2025-09,,
2710,PNQ-GH2,887,26,2025-04,49,2025-05-15 00:00:00+00,2025-01-20 00:00:00+00,1671,2025-02-10 00:00:00+00,2025-03-03 00:00:00+00,PGM_SIMULATION,98,1519,2025-10,61.7,1674
2711,PNQ-GH2,887,26,2025-05,49,2025-05-15 00:00:00+00,2025-01-27 00:00:00+00,1671,2025-02-17 00:00:00+00,2025-03-10 00:00:00+00,PGM_SIMULATION,98,1519,2025-11,93.4,2604
2712,PNQ-GH1,910,12,2025-20,242,2025-05-27 00:00:00+00,2025-05-12 00:00:00+00,8252,2025-06-02 00:00:00+00,2025-06-23 00:00:00+00,PGM_SIMULATION,485,7502,2025-26,,
2713,PNQ-GH1,910,12,2025-21,242,2025-05-27 00:00:00+00,2025-05-19 00:00:00+00,8252,2025-06-09 00:00:00+00,2025-06-30 00:00:00+00,PGM_SIMULATION,485,7502,2025-27,,
2714,PNQ-GH1,910,12,2025-22,242,2025-05-27 00:00:00+00,2025-05-26 00:00:00+00,8252,2025-06-16 00:00:00+00,2025-07-07 00:00:00+00,PGM_SIMULATION,485,7502,2025-28,,
2715,PNQ-GH1,910,12,2025-17,242,2025-05-27 00:00:00+00,2025-04-21 00:00:00+00,8252,2025-05-12 00:00:00+00,2025-06-02 00:00:00+00,PGM_SIMULATION,485,7502,2025-23,,
2716,PNQ-GH1,910,12,2025-18,242,2025-05-27 00:00:00+00,2025-04-28 00:00:00+00,8252,2025-05-19 00:00:00+00,2025-06-09 00:00:00+00,PGM_SIMULATION,485,7502,2025-24,,
2717,PNQ-GH1,910,12,2025-19,242,2025-05-27 00:00:00+00,2025-05-05 00:00:00+00,8252,2025-05-26 00:00:00+00,2025-06-16 00:00:00+00,PGM_SIMULATION,485,7502,2025-25,,
2718,PNQ-GH1,910,12,2025-14,242,2025-05-27 00:00:00+00,2025-03-31 00:00:00+00,8252,2025-04-21 00:00:00+00,2025-05-12 00:00:00+00,PGM_SIMULATION,485,7502,2025-20,15,4835
2719,PNQ-GH1,910,12,2025-15,242,2025-05-27 00:00:00+00,2025-04-07 00:00:00+00,8252,2025-04-28 00:00:00+00,2025-05-19 00:00:00+00,PGM_SIMULATION,485,7502,2025-21,20,4836
2720,PNQ-GH1,910,12,2025-16,242,2025-05-27 00:00:00+00,2025-04-14 00:00:00+00,8252,2025-05-05 00:00:00+00,2025-05-26 00:00:00+00,PGM_SIMULATION,485,7502,2025-22,13.2,5022
2721,PNQ-GH1,910,12,2025-11,242,2025-05-27 00:00:00+00,2025-03-10 00:00:00+00,8252,2025-03-31 00:00:00+00,2025-04-21 00:00:00+00,PGM_SIMULATION,485,7502,2025-17,9,4743
2722,PNQ-GH1,910,12,2025-12,242,2025-05-27 00:00:00+00,2025-03-17 00:00:00+00,8252,2025-04-07 00:00:00+00,2025-04-28 00:00:00+00,PGM_SIMULATION,485,7502,2025-18,9.7,4464
2723,PNQ-GH1,910,12,2025-13,242,2025-05-27 00:00:00+00,2025-03-24 00:00:00+00,8252,2025-04-14 00:00:00+00,2025-05-05 00:00:00+00,PGM_SIMULATION,485,7502,2025-19,9.8,4867
2724,PNQ-GH1,910,12,2025-08,242,2025-05-27 00:00:00+00,2025-02-17 00:00:00+00,8252,2025-03-10 00:00:00+00,2025-03-31 00:00:00+00,PGM_SIMULATION,485,7502,2025-14,54.6,5022
2725,PNQ-GH1,910,12,2025-09,242,2025-05-27 00:00:00+00,2025-02-24 00:00:00+00,8252,2025-03-17 00:00:00+00,2025-04-07 00:00:00+00,PGM_SIMULATION,485,7502,2025-15,18.2,4929
2726,PNQ-GH1,910,12,2025-10,242,2025-05-27 00:00:00+00,2025-03-03 00:00:00+00,8252,2025-03-24 00:00:00+00,2025-04-14 00:00:00+00,PGM_SIMULATION,485,7502,2025-16,5.1,2232
2727,PNQ-GH1,910,12,2025-05,242,2025-05-27 00:00:00+00,2025-01-27 00:00:00+00,8252,2025-02-17 00:00:00+00,2025-03-10 00:00:00+00,PGM_SIMULATION,485,7502,2025-11,3.3,2976
2728,PNQ-GH1,910,12,2025-06,242,2025-05-27 00:00:00+00,2025-02-03 00:00:00+00,8252,2025-02-24 00:00:00+00,2025-03-17 00:00:00+00,PGM_SIMULATION,485,7502,2025-12,6.8,3162
2729,PNQ-GH1,910,12,2025-07,242,2025-05-27 00:00:00+00,2025-02-10 00:00:00+00,8252,2025-03-03 00:00:00+00,2025-03-24 00:00:00+00,PGM_SIMULATION,485,7502,2025-13,47.9,4650
2730,PNQ-GH1,910,12,2025-02,242,2025-05-27 00:00:00+00,2025-01-06 00:00:00+00,8252,2025-01-27 00:00:00+00,2025-02-17 00:00:00+00,PGM_SIMULATION,485,7502,2025-08,,
2731,PNQ-GH1,910,12,2025-03,242,2025-05-27 00:00:00+00,2025-01-13 00:00:00+00,8252,2025-02-03 00:00:00+00,2025-02-24 00:00:00+00,PGM_SIMULATION,485,7502,2025-09,,
2732,PNQ-GH1,910,12,2025-04,242,2025-05-27 00:00:00+00,2025-01-20 00:00:00+00,8252,2025-02-10 00:00:00+00,2025-03-03 00:00:00+00,PGM_SIMULATION,485,7502,2025-10,4.6,3720
2733,PNQ-GH1,901,14,2025-18,17,2025-05-15 00:00:00+00,2025-04-28 00:00:00+00,580,2025-05-19 00:00:00+00,2025-06-09 00:00:00+00,PGM_SIMULATION,34,527,2025-24,,
2734,PNQ-GH1,901,14,2025-19,17,2025-05-15 00:00:00+00,2025-05-05 00:00:00+00,580,2025-05-26 00:00:00+00,2025-06-16 00:00:00+00,PGM_SIMULATION,34,527,2025-25,,
2735,PNQ-GH1,901,14,2025-20,17,2025-05-15 00:00:00+00,2025-05-12 00:00:00+00,580,2025-06-02 00:00:00+00,2025-06-23 00:00:00+00,PGM_SIMULATION,34,527,2025-26,,
2736,PNQ-GH1,901,14,2025-15,17,2025-05-15 00:00:00+00,2025-04-07 00:00:00+00,580,2025-04-28 00:00:00+00,2025-05-19 00:00:00+00,PGM_SIMULATION,34,527,2025-21,9.4,372
2737,PNQ-GH1,901,14,2025-16,17,2025-05-15 00:00:00+00,2025-04-14 00:00:00+00,580,2025-05-05 00:00:00+00,2025-05-26 00:00:00+00,PGM_SIMULATION,34,527,2025-22,8,372
2738,PNQ-GH1,901,14,2025-17,17,2025-05-15 00:00:00+00,2025-04-21 00:00:00+00,580,2025-05-12 00:00:00+00,2025-06-02 00:00:00+00,PGM_SIMULATION,34,527,2025-23,,
2739,PNQ-GH1,901,14,2025-12,17,2025-05-15 00:00:00+00,2025-03-17 00:00:00+00,580,2025-04-07 00:00:00+00,2025-04-28 00:00:00+00,PGM_SIMULATION,34,527,2025-18,4.6,186
2740,PNQ-GH1,901,14,2025-13,17,2025-05-15 00:00:00+00,2025-03-24 00:00:00+00,580,2025-04-14 00:00:00+00,2025-05-05 00:00:00+00,PGM_SIMULATION,34,527,2025-19,6,186
2741,PNQ-GH1,901,14,2025-14,17,2025-05-15 00:00:00+00,2025-03-31 00:00:00+00,580,2025-04-21 00:00:00+00,2025-05-12 00:00:00+00,PGM_SIMULATION,34,527,2025-20,5.7,186
2742,PNQ-GH1,901,14,2025-09,17,2025-05-15 00:00:00+00,2025-02-24 00:00:00+00,580,2025-03-17 00:00:00+00,2025-04-07 00:00:00+00,PGM_SIMULATION,34,527,2025-15,2.5,155
2743,PNQ-GH1,901,14,2025-10,17,2025-05-15 00:00:00+00,2025-03-03 00:00:00+00,580,2025-03-24 00:00:00+00,2025-04-14 00:00:00+00,PGM_SIMULATION,34,527,2025-16,6.6,558
2744,PNQ-GH1,901,14,2025-11,17,2025-05-15 00:00:00+00,2025-03-10 00:00:00+00,580,2025-03-31 00:00:00+00,2025-04-21 00:00:00+00,PGM_SIMULATION,34,527,2025-17,8.3,558
2745,PNQ-GH1,901,14,2025-06,17,2025-05-15 00:00:00+00,2025-02-03 00:00:00+00,580,2025-02-24 00:00:00+00,2025-03-17 00:00:00+00,PGM_SIMULATION,34,527,2025-12,7.6,372
2746,PNQ-GH1,901,14,2025-07,17,2025-05-15 00:00:00+00,2025-02-10 00:00:00+00,580,2025-03-03 00:00:00+00,2025-03-24 00:00:00+00,PGM_SIMULATION,34,527,2025-13,4.2,186
2747,PNQ-GH1,901,14,2025-08,17,2025-05-15 00:00:00+00,2025-02-17 00:00:00+00,580,2025-03-10 00:00:00+00,2025-03-31 00:00:00+00,PGM_SIMULATION,34,527,2025-14,4.8,217
2748,PNQ-GH1,901,14,2025-03,17,2025-05-15 00:00:00+00,2025-01-13 00:00:00+00,580,2025-02-03 00:00:00+00,2025-02-24 00:00:00+00,PGM_SIMULATION,34,527,2025-09,,
2749,PNQ-GH1,901,14,2025-04,17,2025-05-15 00:00:00+00,2025-01-20 00:00:00+00,580,2025-02-10 00:00:00+00,2025-03-03 00:00:00+00,PGM_SIMULATION,34,527,2025-10,19.3,744
2750,PNQ-GH1,901,14,2025-05,17,2025-05-15 00:00:00+00,2025-01-27 00:00:00+00,580,2025-02-17 00:00:00+00,2025-03-10 00:00:00+00,PGM_SIMULATION,34,527,2025-11,3.9,186
2751,PNQ-GH1,904,16,2025-18,12,2025-05-15 00:00:00+00,2025-04-28 00:00:00+00,409,2025-05-19 00:00:00+00,2025-06-09 00:00:00+00,PGM_SIMULATION,24,372,2025-24,,
2752,PNQ-GH1,904,16,2025-19,12,2025-05-15 00:00:00+00,2025-05-05 00:00:00+00,409,2025-05-26 00:00:00+00,2025-06-16 00:00:00+00,PGM_SIMULATION,24,372,2025-25,,
2753,PNQ-GH1,904,16,2025-20,12,2025-05-15 00:00:00+00,2025-05-12 00:00:00+00,409,2025-06-02 00:00:00+00,2025-06-23 00:00:00+00,PGM_SIMULATION,24,372,2025-26,,
2754,PNQ-GH1,904,16,2025-15,12,2025-05-15 00:00:00+00,2025-04-07 00:00:00+00,409,2025-04-28 00:00:00+00,2025-05-19 00:00:00+00,PGM_SIMULATION,24,372,2025-21,2.1,310
2755,PNQ-GH1,904,16,2025-16,12,2025-05-15 00:00:00+00,2025-04-14 00:00:00+00,409,2025-05-05 00:00:00+00,2025-05-26 00:00:00+00,PGM_SIMULATION,24,372,2025-22,5.2,465
2756,PNQ-GH1,904,16,2025-17,12,2025-05-15 00:00:00+00,2025-04-21 00:00:00+00,409,2025-05-12 00:00:00+00,2025-06-02 00:00:00+00,PGM_SIMULATION,24,372,2025-23,,
2757,PNQ-GH1,904,16,2025-12,12,2025-05-15 00:00:00+00,2025-03-17 00:00:00+00,409,2025-04-07 00:00:00+00,2025-04-28 00:00:00+00,PGM_SIMULATION,24,372,2025-18,0,0
2758,PNQ-GH1,904,16,2025-13,12,2025-05-15 00:00:00+00,2025-03-24 00:00:00+00,409,2025-04-14 00:00:00+00,2025-05-05 00:00:00+00,PGM_SIMULATION,24,372,2025-19,0.8,93
2759,PNQ-GH1,904,16,2025-14,12,2025-05-15 00:00:00+00,2025-03-31 00:00:00+00,409,2025-04-21 00:00:00+00,2025-05-12 00:00:00+00,PGM_SIMULATION,24,372,2025-20,2.2,465
2760,PNQ-GH1,904,16,2025-09,12,2025-05-15 00:00:00+00,2025-02-24 00:00:00+00,409,2025-03-17 00:00:00+00,2025-04-07 00:00:00+00,PGM_SIMULATION,24,372,2025-15,1,93
2761,PNQ-GH1,904,16,2025-10,12,2025-05-15 00:00:00+00,2025-03-03 00:00:00+00,409,2025-03-24 00:00:00+00,2025-04-14 00:00:00+00,PGM_SIMULATION,24,372,2025-16,1.2,93
2762,PNQ-GH1,904,16,2025-11,12,2025-05-15 00:00:00+00,2025-03-10 00:00:00+00,409,2025-03-31 00:00:00+00,2025-04-21 00:00:00+00,PGM_SIMULATION,24,372,2025-17,0,0
2763,PNQ-GH1,904,16,2025-06,12,2025-05-15 00:00:00+00,2025-02-03 00:00:00+00,409,2025-02-24 00:00:00+00,2025-03-17 00:00:00+00,PGM_SIMULATION,24,372,2025-12,1,93
2764,PNQ-GH1,904,16,2025-07,12,2025-05-15 00:00:00+00,2025-02-10 00:00:00+00,409,2025-03-03 00:00:00+00,2025-03-24 00:00:00+00,PGM_SIMULATION,24,372,2025-13,0,0
2765,PNQ-GH1,904,16,2025-08,12,2025-05-15 00:00:00+00,2025-02-17 00:00:00+00,409,2025-03-10 00:00:00+00,2025-03-31 00:00:00+00,PGM_SIMULATION,24,372,2025-14,2.3,93
2766,PNQ-GH1,904,16,2025-03,12,2025-05-15 00:00:00+00,2025-01-13 00:00:00+00,409,2025-02-03 00:00:00+00,2025-02-24 00:00:00+00,PGM_SIMULATION,24,372,2025-09,,
2767,PNQ-GH1,904,16,2025-04,12,2025-05-15 00:00:00+00,2025-01-20 00:00:00+00,409,2025-02-10 00:00:00+00,2025-03-03 00:00:00+00,PGM_SIMULATION,24,372,2025-10,3,279
2768,PNQ-GH1,904,16,2025-05,12,2025-05-15 00:00:00+00,2025-01-27 00:00:00+00,409,2025-02-17 00:00:00+00,2025-03-10 00:00:00+00,PGM_SIMULATION,24,372,2025-11,1.1,93
2769,PNQ-GH4,898,1,2025-17,55,2025-05-15 00:00:00+00,2025-04-21 00:00:00+00,937,2025-05-15 00:00:00+00,2025-06-09 00:00:00+00,PGM_SIMULATION,55,852,2025-24,,
2770,PNQ-GH4,898,1,2025-18,55,2025-05-15 00:00:00+00,2025-04-28 00:00:00+00,937,2025-05-22 00:00:00+00,2025-06-16 00:00:00+00,PGM_SIMULATION,55,852,2025-25,,
2771,PNQ-GH4,898,1,2025-19,55,2025-05-15 00:00:00+00,2025-05-05 00:00:00+00,937,2025-05-29 00:00:00+00,2025-06-23 00:00:00+00,PGM_SIMULATION,55,852,2025-26,,
2772,PNQ-GH4,898,1,2025-20,55,2025-05-15 00:00:00+00,2025-05-12 00:00:00+00,937,2025-06-05 00:00:00+00,2025-06-30 00:00:00+00,PGM_SIMULATION,55,852,2025-27,,
2773,PNQ-GH4,898,1,2025-13,55,2025-05-15 00:00:00+00,2025-03-24 00:00:00+00,937,2025-04-17 00:00:00+00,2025-05-12 00:00:00+00,PGM_SIMULATION,55,852,2025-20,68.1,1159
2774,PNQ-GH4,898,1,2025-14,55,2025-05-15 00:00:00+00,2025-03-31 00:00:00+00,937,2025-04-24 00:00:00+00,2025-05-19 00:00:00+00,PGM_SIMULATION,55,852,2025-21,66.5,1131
2775,PNQ-GH4,898,1,2025-15,55,2025-05-15 00:00:00+00,2025-04-07 00:00:00+00,937,2025-05-01 00:00:00+00,2025-05-26 00:00:00+00,PGM_SIMULATION,55,852,2025-22,78.2,1137
2776,PNQ-GH4,898,1,2025-16,55,2025-05-15 00:00:00+00,2025-04-14 00:00:00+00,937,2025-05-08 00:00:00+00,2025-06-02 00:00:00+00,PGM_SIMULATION,55,852,2025-23,,
2777,PNQ-GH4,898,1,2025-09,55,2025-05-15 00:00:00+00,2025-02-24 00:00:00+00,937,2025-03-20 00:00:00+00,2025-04-14 00:00:00+00,PGM_SIMULATION,55,852,2025-16,47.6,640
2778,PNQ-GH4,898,1,2025-10,55,2025-05-15 00:00:00+00,2025-03-03 00:00:00+00,937,2025-03-27 00:00:00+00,2025-04-21 00:00:00+00,PGM_SIMULATION,55,852,2025-17,94.3,1120
2779,PNQ-GH4,898,1,2025-11,55,2025-05-15 00:00:00+00,2025-03-10 00:00:00+00,937,2025-04-03 00:00:00+00,2025-04-28 00:00:00+00,PGM_SIMULATION,55,852,2025-18,85.5,1152
2780,PNQ-GH4,898,1,2025-12,55,2025-05-15 00:00:00+00,2025-03-17 00:00:00+00,937,2025-04-10 00:00:00+00,2025-05-05 00:00:00+00,PGM_SIMULATION,55,852,2025-19,72.6,622
2781,PNQ-GH4,898,1,2025-05,55,2025-05-15 00:00:00+00,2025-01-27 00:00:00+00,937,2025-02-20 00:00:00+00,2025-03-17 00:00:00+00,PGM_SIMULATION,55,852,2025-12,112.1,1118
2782,PNQ-GH4,898,1,2025-06,55,2025-05-15 00:00:00+00,2025-02-03 00:00:00+00,937,2025-02-27 00:00:00+00,2025-03-24 00:00:00+00,PGM_SIMULATION,55,852,2025-13,89.5,1632
2783,PNQ-GH4,898,1,2025-07,55,2025-05-15 00:00:00+00,2025-02-10 00:00:00+00,937,2025-03-06 00:00:00+00,2025-03-31 00:00:00+00,PGM_SIMULATION,55,852,2025-14,97.8,1088
2784,PNQ-GH4,898,1,2025-08,55,2025-05-15 00:00:00+00,2025-02-17 00:00:00+00,937,2025-03-13 00:00:00+00,2025-04-07 00:00:00+00,PGM_SIMULATION,55,852,2025-15,105.5,1155
2785,PNQ-GH4,898,1,2025-01,55,2025-05-15 00:00:00+00,2024-12-30 00:00:00+00,937,2025-01-23 00:00:00+00,2025-02-17 00:00:00+00,PGM_SIMULATION,55,852,2025-08,,
2786,PNQ-GH4,898,1,2025-02,55,2025-05-15 00:00:00+00,2025-01-06 00:00:00+00,937,2025-01-30 00:00:00+00,2025-02-24 00:00:00+00,PGM_SIMULATION,55,852,2025-09,,
2787,PNQ-GH4,898,1,2025-03,55,2025-05-15 00:00:00+00,2025-01-13 00:00:00+00,937,2025-02-06 00:00:00+00,2025-03-03 00:00:00+00,PGM_SIMULATION,55,852,2025-10,84.2,1120
2788,PNQ-GH4,898,1,2025-04,55,2025-05-15 00:00:00+00,2025-01-20 00:00:00+00,937,2025-02-13 00:00:00+00,2025-03-10 00:00:00+00,PGM_SIMULATION,55,852,2025-11,97.6,1152
2789,PNQ-GH4,896,2,2025-17,47,2025-05-15 00:00:00+00,2025-04-21 00:00:00+00,801,2025-05-15 00:00:00+00,2025-06-09 00:00:00+00,PGM_SIMULATION,47,728,2025-24,,
2790,PNQ-GH4,896,2,2025-18,47,2025-05-15 00:00:00+00,2025-04-28 00:00:00+00,801,2025-05-22 00:00:00+00,2025-06-16 00:00:00+00,PGM_SIMULATION,47,728,2025-25,,
2791,PNQ-GH4,896,2,2025-19,47,2025-05-15 00:00:00+00,2025-05-05 00:00:00+00,801,2025-05-29 00:00:00+00,2025-06-23 00:00:00+00,PGM_SIMULATION,47,728,2025-26,,
2792,PNQ-GH4,896,2,2025-20,47,2025-05-15 00:00:00+00,2025-05-12 00:00:00+00,801,2025-06-05 00:00:00+00,2025-06-30 00:00:00+00,PGM_SIMULATION,47,728,2025-27,,
2793,PNQ-GH4,896,2,2025-13,47,2025-05-15 00:00:00+00,2025-03-24 00:00:00+00,801,2025-04-17 00:00:00+00,2025-05-12 00:00:00+00,PGM_SIMULATION,47,728,2025-20,50.3,896
2794,PNQ-GH4,896,2,2025-14,47,2025-05-15 00:00:00+00,2025-03-31 00:00:00+00,801,2025-04-24 00:00:00+00,2025-05-19 00:00:00+00,PGM_SIMULATION,47,728,2025-21,68.6,923
2795,PNQ-GH4,896,2,2025-15,47,2025-05-15 00:00:00+00,2025-04-07 00:00:00+00,801,2025-05-01 00:00:00+00,2025-05-26 00:00:00+00,PGM_SIMULATION,47,728,2025-22,77.7,913
2796,PNQ-GH4,896,2,2025-16,47,2025-05-15 00:00:00+00,2025-04-14 00:00:00+00,801,2025-05-08 00:00:00+00,2025-06-02 00:00:00+00,PGM_SIMULATION,47,728,2025-23,,
2797,PNQ-GH4,896,2,2025-09,47,2025-05-15 00:00:00+00,2025-02-24 00:00:00+00,801,2025-03-20 00:00:00+00,2025-04-14 00:00:00+00,PGM_SIMULATION,47,728,2025-16,38.9,522
2798,PNQ-GH4,896,2,2025-10,47,2025-05-15 00:00:00+00,2025-03-03 00:00:00+00,801,2025-03-27 00:00:00+00,2025-04-21 00:00:00+00,PGM_SIMULATION,47,728,2025-17,71.9,480
2799,PNQ-GH4,896,2,2025-11,47,2025-05-15 00:00:00+00,2025-03-10 00:00:00+00,801,2025-04-03 00:00:00+00,2025-04-28 00:00:00+00,PGM_SIMULATION,47,728,2025-18,80.1,912
2800,PNQ-GH4,896,2,2025-12,47,2025-05-15 00:00:00+00,2025-03-17 00:00:00+00,801,2025-04-10 00:00:00+00,2025-05-05 00:00:00+00,PGM_SIMULATION,47,728,2025-19,53.9,887
2801,PNQ-GH4,896,2,2025-05,47,2025-05-15 00:00:00+00,2025-01-27 00:00:00+00,801,2025-02-20 00:00:00+00,2025-03-17 00:00:00+00,PGM_SIMULATION,47,728,2025-12,67.9,912
2802,PNQ-GH4,896,2,2025-06,47,2025-05-15 00:00:00+00,2025-02-03 00:00:00+00,801,2025-02-27 00:00:00+00,2025-03-24 00:00:00+00,PGM_SIMULATION,47,728,2025-13,69.8,960
2803,PNQ-GH4,896,2,2025-07,47,2025-05-15 00:00:00+00,2025-02-10 00:00:00+00,801,2025-03-06 00:00:00+00,2025-03-31 00:00:00+00,PGM_SIMULATION,47,728,2025-14,84.8,896
2804,PNQ-GH4,896,2,2025-08,47,2025-05-15 00:00:00+00,2025-02-17 00:00:00+00,801,2025-03-13 00:00:00+00,2025-04-07 00:00:00+00,PGM_SIMULATION,47,728,2025-15,75.1,922
2805,PNQ-GH4,896,2,2025-01,47,2025-05-15 00:00:00+00,2024-12-30 00:00:00+00,801,2025-01-23 00:00:00+00,2025-02-17 00:00:00+00,PGM_SIMULATION,47,728,2025-08,,
2806,PNQ-GH4,896,2,2025-02,47,2025-05-15 00:00:00+00,2025-01-06 00:00:00+00,801,2025-01-30 00:00:00+00,2025-02-24 00:00:00+00,PGM_SIMULATION,47,728,2025-09,,
2807,PNQ-GH4,896,2,2025-03,47,2025-05-15 00:00:00+00,2025-01-13 00:00:00+00,801,2025-02-06 00:00:00+00,2025-03-03 00:00:00+00,PGM_SIMULATION,47,728,2025-10,80.2,896
2808,PNQ-GH4,896,2,2025-04,47,2025-05-15 00:00:00+00,2025-01-20 00:00:00+00,801,2025-02-13 00:00:00+00,2025-03-10 00:00:00+00,PGM_SIMULATION,47,728,2025-11,83.3,928
2809,PNQ-GH4,897,3,2025-17,47,2025-05-15 00:00:00+00,2025-04-21 00:00:00+00,801,2025-05-19 00:00:00+00,2025-06-16 00:00:00+00,PGM_SIMULATION,47,728,2025-25,,
2810,PNQ-GH4,897,3,2025-18,47,2025-05-15 00:00:00+00,2025-04-28 00:00:00+00,801,2025-05-26 00:00:00+00,2025-06-23 00:00:00+00,PGM_SIMULATION,47,728,2025-26,,
2811,PNQ-GH4,897,3,2025-19,47,2025-05-15 00:00:00+00,2025-05-05 00:00:00+00,801,2025-06-02 00:00:00+00,2025-06-30 00:00:00+00,PGM_SIMULATION,47,728,2025-27,,
2812,PNQ-GH4,897,3,2025-20,47,2025-05-15 00:00:00+00,2025-05-12 00:00:00+00,801,2025-06-09 00:00:00+00,2025-07-07 00:00:00+00,PGM_SIMULATION,47,728,2025-28,,
2813,PNQ-GH4,897,3,2025-13,47,2025-05-15 00:00:00+00,2025-03-24 00:00:00+00,801,2025-04-21 00:00:00+00,2025-05-19 00:00:00+00,PGM_SIMULATION,47,728,2025-21,48.4,755
2814,PNQ-GH4,897,3,2025-14,47,2025-05-15 00:00:00+00,2025-03-31 00:00:00+00,801,2025-04-28 00:00:00+00,2025-05-26 00:00:00+00,PGM_SIMULATION,47,728,2025-22,64.1,753
2815,PNQ-GH4,897,3,2025-15,47,2025-05-15 00:00:00+00,2025-04-07 00:00:00+00,801,2025-05-05 00:00:00+00,2025-06-02 00:00:00+00,PGM_SIMULATION,47,728,2025-23,,
2816,PNQ-GH4,897,3,2025-16,47,2025-05-15 00:00:00+00,2025-04-14 00:00:00+00,801,2025-05-12 00:00:00+00,2025-06-09 00:00:00+00,PGM_SIMULATION,47,728,2025-24,,
2817,PNQ-GH4,897,3,2025-09,47,2025-05-15 00:00:00+00,2025-02-24 00:00:00+00,801,2025-03-24 00:00:00+00,2025-04-21 00:00:00+00,PGM_SIMULATION,47,728,2025-17,58.2,736
2818,PNQ-GH4,897,3,2025-10,47,2025-05-15 00:00:00+00,2025-03-03 00:00:00+00,801,2025-03-31 00:00:00+00,2025-04-28 00:00:00+00,PGM_SIMULATION,47,728,2025-18,66.2,800
2819,PNQ-GH4,897,3,2025-11,47,2025-05-15 00:00:00+00,2025-03-10 00:00:00+00,801,2025-04-07 00:00:00+00,2025-05-05 00:00:00+00,PGM_SIMULATION,47,728,2025-19,54.9,747
2820,PNQ-GH4,897,3,2025-12,47,2025-05-15 00:00:00+00,2025-03-17 00:00:00+00,801,2025-04-14 00:00:00+00,2025-05-12 00:00:00+00,PGM_SIMULATION,47,728,2025-20,46.1,774
2821,PNQ-GH4,897,3,2025-05,47,2025-05-15 00:00:00+00,2025-01-27 00:00:00+00,801,2025-02-24 00:00:00+00,2025-03-24 00:00:00+00,PGM_SIMULATION,47,728,2025-13,80.7,800
2822,PNQ-GH4,897,3,2025-06,47,2025-05-15 00:00:00+00,2025-02-03 00:00:00+00,801,2025-03-03 00:00:00+00,2025-03-31 00:00:00+00,PGM_SIMULATION,47,728,2025-14,85.8,736
2823,PNQ-GH4,897,3,2025-07,47,2025-05-15 00:00:00+00,2025-02-10 00:00:00+00,801,2025-03-10 00:00:00+00,2025-04-07 00:00:00+00,PGM_SIMULATION,47,728,2025-15,73.4,848
2824,PNQ-GH4,897,3,2025-08,47,2025-05-15 00:00:00+00,2025-02-17 00:00:00+00,801,2025-03-17 00:00:00+00,2025-04-14 00:00:00+00,PGM_SIMULATION,47,728,2025-16,41.3,448
2825,PNQ-GH4,897,3,2025-01,47,2025-05-15 00:00:00+00,2024-12-30 00:00:00+00,801,2025-01-27 00:00:00+00,2025-02-24 00:00:00+00,PGM_SIMULATION,47,728,2025-09,,
2826,PNQ-GH4,897,3,2025-02,47,2025-05-15 00:00:00+00,2025-01-06 00:00:00+00,801,2025-02-03 00:00:00+00,2025-03-03 00:00:00+00,PGM_SIMULATION,47,728,2025-10,87.6,760
2827,PNQ-GH4,897,3,2025-03,47,2025-05-15 00:00:00+00,2025-01-13 00:00:00+00,801,2025-02-10 00:00:00+00,2025-03-10 00:00:00+00,PGM_SIMULATION,47,728,2025-11,82.3,768
2828,PNQ-GH4,897,3,2025-04,47,2025-05-15 00:00:00+00,2025-01-20 00:00:00+00,801,2025-02-17 00:00:00+00,2025-03-17 00:00:00+00,PGM_SIMULATION,47,728,2025-12,88.7,764
2829,TGM-GH1,906,33,2025-23,35,2025-06-20 00:00:00+00,2025-06-02 00:00:00+00,882,2025-06-25 00:00:00+00,2025-07-17 00:00:00+00,ALLOCATED,52,840,,,
2830,TGM-GH1,906,33,2025-24,35,2025-06-20 00:00:00+00,2025-06-09 00:00:00+00,882,2025-07-02 00:00:00+00,2025-07-24 00:00:00+00,ALLOCATED,52,840,,,
2831,TGM-GH1,906,33,2025-25,35,2025-06-20 00:00:00+00,2025-06-16 00:00:00+00,882,2025-07-09 00:00:00+00,2025-07-31 00:00:00+00,ALLOCATED,52,840,,,
2832,TGM-GH1,906,33,2025-26,35,2025-06-20 00:00:00+00,2025-06-23 00:00:00+00,882,2025-07-16 00:00:00+00,2025-08-07 00:00:00+00,ALLOCATED,52,840,,,
2833,ILS-GH1,911,40,2025-27,11,2025-06-25 00:00:00+00,2025-06-30 00:00:00+00,359,2025-07-21 00:00:00+00,2025-08-11 00:00:00+00,ALLOCATED,21,341,,,
2834,ILS-GH1,911,40,2025-28,11,2025-06-25 00:00:00+00,2025-07-07 00:00:00+00,359,2025-07-28 00:00:00+00,2025-08-18 00:00:00+00,ALLOCATED,21,341,,,
2835,ILS-GH1,911,40,2025-29,11,2025-06-25 00:00:00+00,2025-07-14 00:00:00+00,359,2025-08-04 00:00:00+00,2025-08-25 00:00:00+00,ALLOCATED,21,341,,,
2836,TGM-GH4,907,35,2025-23,3,2025-06-25 00:00:00+00,2025-06-02 00:00:00+00,1575,2025-06-26 00:00:00+00,2025-07-19 00:00:00+00,ALLOCATED,93,1500,,,
2837,TGM-GH4,907,35,2025-24,3,2025-06-25 00:00:00+00,2025-06-09 00:00:00+00,1575,2025-07-03 00:00:00+00,2025-07-26 00:00:00+00,ALLOCATED,93,1500,,,
2838,TGM-GH4,907,35,2025-25,3,2025-06-25 00:00:00+00,2025-06-16 00:00:00+00,1575,2025-07-10 00:00:00+00,2025-08-02 00:00:00+00,ALLOCATED,93,1500,,,
2839,TGM-GH4,907,35,2025-26,3,2025-06-25 00:00:00+00,2025-06-23 00:00:00+00,1575,2025-07-17 00:00:00+00,2025-08-09 00:00:00+00,ALLOCATED,93,1500,,,
2840,TGM-GH3,913,34,2025-27,1,2025-06-25 00:00:00+00,2025-06-30 00:00:00+00,33,2025-07-21 00:00:00+00,2025-08-11 00:00:00+00,ALLOCATED,2,31,,,
2841,TGM-GH3,913,34,2025-28,1,2025-06-25 00:00:00+00,2025-07-07 00:00:00+00,33,2025-07-28 00:00:00+00,2025-08-18 00:00:00+00,ALLOCATED,2,31,,,
2842,TGM-GH3,913,34,2025-29,1,2025-06-25 00:00:00+00,2025-07-14 00:00:00+00,33,2025-08-04 00:00:00+00,2025-08-25 00:00:00+00,ALLOCATED,2,31,,,
2843,TGM-GH2,916,43,2025-27,4,2025-06-27 00:00:00+00,2025-06-30 00:00:00+00,114,2025-07-28 00:00:00+00,2025-08-18 00:00:00+00,ALLOCATED,7,108,,,
2844,TGM-GH2,916,43,2025-28,4,2025-06-27 00:00:00+00,2025-07-07 00:00:00+00,114,2025-08-04 00:00:00+00,2025-08-25 00:00:00+00,ALLOCATED,7,108,,,
2845,TGM-GH2,916,43,2025-29,4,2025-06-27 00:00:00+00,2025-07-14 00:00:00+00,114,2025-08-11 00:00:00+00,2025-09-01 00:00:00+00,ALLOCATED,7,108,,,
2846,TGM-GH1,917,44,2025-27,42,2025-06-27 00:00:00+00,2025-06-30 00:00:00+00,1059,2025-07-21 00:00:00+00,2025-08-18 00:00:00+00,ALLOCATED,62,1008,,,
2847,TGM-GH1,917,44,2025-28,42,2025-06-27 00:00:00+00,2025-07-07 00:00:00+00,1059,2025-07-28 00:00:00+00,2025-08-25 00:00:00+00,ALLOCATED,62,1008,,,
2848,TGM-GH1,917,44,2025-29,42,2025-06-27 00:00:00+00,2025-07-14 00:00:00+00,1059,2025-08-04 00:00:00+00,2025-09-01 00:00:00+00,ALLOCATED,62,1008,,,
2849,TGM-GH1,917,44,2025-30,42,2025-06-27 00:00:00+00,2025-07-21 00:00:00+00,1059,2025-08-11 00:00:00+00,2025-09-08 00:00:00+00,ALLOCATED,62,1008,,,
2850,PNQ-GH1,918,45,2025-28,12,2025-07-03 00:00:00+00,2025-07-07 00:00:00+00,391,2025-07-28 00:00:00+00,2025-08-18 00:00:00+00,ALLOCATED,23,372,,,
2851,PNQ-GH1,918,45,2025-29,12,2025-07-03 00:00:00+00,2025-07-14 00:00:00+00,391,2025-08-04 00:00:00+00,2025-08-25 00:00:00+00,ALLOCATED,23,372,,,
2852,PNQ-GH1,918,45,2025-30,12,2025-07-03 00:00:00+00,2025-07-21 00:00:00+00,391,2025-08-11 00:00:00+00,2025-09-01 00:00:00+00,ALLOCATED,23,372,,,