program_id,crop_id,crop_name,resource_tag,harvest_week_num,kg_harvested,units_harvested,seeding_date,transplant_date,harvest_date
910,12,Arugula,PNQ-GH1,2025-08,null,null,2025-01-06 00:00:00+00,2025-01-27 00:00:00+00,2025-02-17 00:00:00+00
910,12,Arugula,PNQ-GH1,2025-09,null,null,2025-01-13 00:00:00+00,2025-02-03 00:00:00+00,2025-02-24 00:00:00+00
901,14,Swiss Chard,PNQ-GH1,2025-09,null,null,2025-01-13 00:00:00+00,2025-02-03 00:00:00+00,2025-02-24 00:00:00+00
904,16,Watercress,PNQ-GH1,2025-09,null,null,2025-01-13 00:00:00+00,2025-02-03 00:00:00+00,2025-02-24 00:00:00+00
910,12,Arugula,PNQ-GH1,2025-10,4.6,3720,2025-01-20 00:00:00+00,2025-02-10 00:00:00+00,2025-03-03 00:00:00+00
901,14,Swiss Chard,PNQ-GH1,2025-10,19.3,744,2025-01-20 00:00:00+00,2025-02-10 00:00:00+00,2025-03-03 00:00:00+00
904,16,Watercress,PNQ-GH1,2025-10,3,279,2025-01-20 00:00:00+00,2025-02-10 00:00:00+00,2025-03-03 00:00:00+00
910,12,Arugula,PNQ-GH1,2025-11,3.3,2976,2025-01-27 00:00:00+00,2025-02-17 00:00:00+00,2025-03-10 00:00:00+00
901,14,Swiss Chard,PNQ-GH1,2025-11,3.9,186,2025-01-27 00:00:00+00,2025-02-17 00:00:00+00,2025-03-10 00:00:00+00
904,16,Watercress,PNQ-GH1,2025-11,1.1,93,2025-01-27 00:00:00+00,2025-02-17 00:00:00+00,2025-03-10 00:00:00+00
910,12,Arugula,PNQ-GH1,2025-12,6.8,3162,2025-02-03 00:00:00+00,2025-02-24 00:00:00+00,2025-03-17 00:00:00+00
901,14,Swiss Chard,PNQ-GH1,2025-12,7.6,372,2025-02-03 00:00:00+00,2025-02-24 00:00:00+00,2025-03-17 00:00:00+00
904,16,Watercress,PNQ-GH1,2025-12,1,93,2025-02-03 00:00:00+00,2025-02-24 00:00:00+00,2025-03-17 00:00:00+00
910,12,Arugula,PNQ-GH1,2025-13,47.9,4650,2025-02-10 00:00:00+00,2025-03-03 00:00:00+00,2025-03-24 00:00:00+00
901,14,Swiss Chard,PNQ-GH1,2025-13,4.2,186,2025-02-10 00:00:00+00,2025-03-03 00:00:00+00,2025-03-24 00:00:00+00
904,16,Watercress,PNQ-GH1,2025-13,0,0,2025-02-10 00:00:00+00,2025-03-03 00:00:00+00,2025-03-24 00:00:00+00
910,12,Arugula,PNQ-GH1,2025-14,54.6,5022,2025-02-17 00:00:00+00,2025-03-10 00:00:00+00,2025-03-31 00:00:00+00
901,14,Swiss Chard,PNQ-GH1,2025-14,4.8,217,2025-02-17 00:00:00+00,2025-03-10 00:00:00+00,2025-03-31 00:00:00+00
904,16,Watercress,PNQ-GH1,2025-14,2.3,93,2025-02-17 00:00:00+00,2025-03-10 00:00:00+00,2025-03-31 00:00:00+00
910,12,Arugula,PNQ-GH1,2025-15,18.2,4929,2025-02-24 00:00:00+00,2025-03-17 00:00:00+00,2025-04-07 00:00:00+00
901,14,Swiss Chard,PNQ-GH1,2025-15,2.5,155,2025-02-24 00:00:00+00,2025-03-17 00:00:00+00,2025-04-07 00:00:00+00
904,16,Watercress,PNQ-GH1,2025-15,1,93,2025-02-24 00:00:00+00,2025-03-17 00:00:00+00,2025-04-07 00:00:00+00
910,12,Arugula,PNQ-GH1,2025-16,5.1,2232,2025-03-03 00:00:00+00,2025-03-24 00:00:00+00,2025-04-14 00:00:00+00
901,14,Swiss Chard,PNQ-GH1,2025-16,6.6,558,2025-03-03 00:00:00+00,2025-03-24 00:00:00+00,2025-04-14 00:00:00+00
904,16,Watercress,PNQ-GH1,2025-16,1.2,93,2025-03-03 00:00:00+00,2025-03-24 00:00:00+00,2025-04-14 00:00:00+00
910,12,Arugula,PNQ-GH1,2025-17,9,4743,2025-03-10 00:00:00+00,2025-03-31 00:00:00+00,2025-04-21 00:00:00+00
901,14,Swiss Chard,PNQ-GH1,2025-17,8.3,558,2025-03-10 00:00:00+00,2025-03-31 00:00:00+00,2025-04-21 00:00:00+00
904,16,Watercress,PNQ-GH1,2025-17,0,0,2025-03-10 00:00:00+00,2025-03-31 00:00:00+00,2025-04-21 00:00:00+00
910,12,Arugula,PNQ-GH1,2025-18,9.7,4464,2025-03-17 00:00:00+00,2025-04-07 00:00:00+00,2025-04-28 00:00:00+00
901,14,Swiss Chard,PNQ-GH1,2025-18,4.6,186,2025-03-17 00:00:00+00,2025-04-07 00:00:00+00,2025-04-28 00:00:00+00
904,16,Watercress,PNQ-GH1,2025-18,0,0,2025-03-17 00:00:00+00,2025-04-07 00:00:00+00,2025-04-28 00:00:00+00
910,12,Arugula,PNQ-GH1,2025-19,9.8,4867,2025-03-24 00:00:00+00,2025-04-14 00:00:00+00,2025-05-05 00:00:00+00
901,14,Swiss Chard,PNQ-GH1,2025-19,6,186,2025-03-24 00:00:00+00,2025-04-14 00:00:00+00,2025-05-05 00:00:00+00
904,16,Watercress,PNQ-GH1,2025-19,0.8,93,2025-03-24 00:00:00+00,2025-04-14 00:00:00+00,2025-05-05 00:00:00+00
910,12,Arugula,PNQ-GH1,2025-20,15,4835,2025-03-31 00:00:00+00,2025-04-21 00:00:00+00,2025-05-12 00:00:00+00
901,14,Swiss Chard,PNQ-GH1,2025-20,5.7,186,2025-03-31 00:00:00+00,2025-04-21 00:00:00+00,2025-05-12 00:00:00+00
904,16,Watercress,PNQ-GH1,2025-20,2.2,465,2025-03-31 00:00:00+00,2025-04-21 00:00:00+00,2025-05-12 00:00:00+00
910,12,Arugula,PNQ-GH1,2025-21,20,4836,2025-04-07 00:00:00+00,2025-04-28 00:00:00+00,2025-05-19 00:00:00+00
901,14,Swiss Chard,PNQ-GH1,2025-21,9.4,372,2025-04-07 00:00:00+00,2025-04-28 00:00:00+00,2025-05-19 00:00:00+00
904,16,Watercress,PNQ-GH1,2025-21,2.1,310,2025-04-07 00:00:00+00,2025-04-28 00:00:00+00,2025-05-19 00:00:00+00
910,12,Arugula,PNQ-GH1,2025-22,13.2,5022,2025-04-14 00:00:00+00,2025-05-05 00:00:00+00,2025-05-26 00:00:00+00
901,14,Swiss Chard,PNQ-GH1,2025-22,8,372,2025-04-14 00:00:00+00,2025-05-05 00:00:00+00,2025-05-26 00:00:00+00
904,16,Watercress,PNQ-GH1,2025-22,5.2,465,2025-04-14 00:00:00+00,2025-05-05 00:00:00+00,2025-05-26 00:00:00+00
910,12,Arugula,PNQ-GH1,2025-23,null,null,2025-04-21 00:00:00+00,2025-05-12 00:00:00+00,2025-06-02 00:00:00+00
901,14,Swiss Chard,PNQ-GH1,2025-23,null,null,2025-04-21 00:00:00+00,2025-05-12 00:00:00+00,2025-06-02 00:00:00+00
904,16,Watercress,PNQ-GH1,2025-23,null,null,2025-04-21 00:00:00+00,2025-05-12 00:00:00+00,2025-06-02 00:00:00+00
910,12,Arugula,PNQ-GH1,2025-24,null,null,2025-04-28 00:00:00+00,2025-05-19 00:00:00+00,2025-06-09 00:00:00+00
901,14,Swiss Chard,PNQ-GH1,2025-24,null,null,2025-04-28 00:00:00+00,2025-05-19 00:00:00+00,2025-06-09 00:00:00+00
904,16,Watercress,PNQ-GH1,2025-24,null,null,2025-04-28 00:00:00+00,2025-05-19 00:00:00+00,2025-06-09 00:00:00+00
910,12,Arugula,PNQ-GH1,2025-25,null,null,2025-05-05 00:00:00+00,2025-05-26 00:00:00+00,2025-06-16 00:00:00+00
901,14,Swiss Chard,PNQ-GH1,2025-25,null,null,2025-05-05 00:00:00+00,2025-05-26 00:00:00+00,2025-06-16 00:00:00+00
904,16,Watercress,PNQ-GH1,2025-25,null,null,2025-05-05 00:00:00+00,2025-05-26 00:00:00+00,2025-06-16 00:00:00+00
910,12,Arugula,PNQ-GH1,2025-26,null,null,2025-05-12 00:00:00+00,2025-06-02 00:00:00+00,2025-06-23 00:00:00+00
901,14,Swiss Chard,PNQ-GH1,2025-26,null,null,2025-05-12 00:00:00+00,2025-06-02 00:00:00+00,2025-06-23 00:00:00+00
904,16,Watercress,PNQ-GH1,2025-26,null,null,2025-05-12 00:00:00+00,2025-06-02 00:00:00+00,2025-06-23 00:00:00+00
910,12,Arugula,PNQ-GH1,2025-27,null,null,2025-05-19 00:00:00+00,2025-06-09 00:00:00+00,2025-06-30 00:00:00+00
910,12,Arugula,PNQ-GH1,2025-27,null,null,2025-06-02 00:00:00+00,2025-06-23 00:00:00+00,2025-07-14 00:00:00+00
901,14,Swiss Chard,PNQ-GH1,2025-27,11,478,2025-05-19 00:00:00+00,2025-06-09 00:00:00+00,2025-06-30 00:00:00+00
904,16,Watercress,PNQ-GH1,2025-27,12.5,350,2025-05-19 00:00:00+00,2025-06-09 00:00:00+00,2025-06-30 00:00:00+00
910,12,Arugula,PNQ-GH1,2025-28,null,null,2025-06-09 00:00:00+00,2025-06-30 00:00:00+00,2025-07-21 00:00:00+00
910,12,Arugula,PNQ-GH1,2025-28,null,null,2025-05-26 00:00:00+00,2025-06-16 00:00:00+00,2025-07-07 00:00:00+00
901,14,Swiss Chard,PNQ-GH1,2025-28,null,null,2025-05-26 00:00:00+00,2025-06-16 00:00:00+00,2025-07-07 00:00:00+00
904,16,Watercress,PNQ-GH1,2025-28,null,null,2025-05-26 00:00:00+00,2025-06-16 00:00:00+00,2025-07-07 00:00:00+00
910,12,Arugula,PNQ-GH1,2025-29,null,null,2025-06-16 00:00:00+00,2025-07-07 00:00:00+00,2025-07-28 00:00:00+00
901,14,Swiss Chard,PNQ-GH1,2025-29,null,null,2025-06-02 00:00:00+00,2025-06-23 00:00:00+00,2025-07-14 00:00:00+00
904,16,Watercress,PNQ-GH1,2025-29,null,null,2025-06-02 00:00:00+00,2025-06-23 00:00:00+00,2025-07-14 00:00:00+00
894,20,Parsley,PNQ-GH2,2025-04,null,null,2024-11-25 00:00:00+00,2024-12-19 00:00:00+00,2025-01-23 00:00:00+00
894,20,Parsley,PNQ-GH2,2025-05,null,null,2024-12-02 00:00:00+00,2024-12-26 00:00:00+00,2025-01-30 00:00:00+00
894,20,Parsley,PNQ-GH2,2025-06,null,null,2024-12-09 00:00:00+00,2025-01-02 00:00:00+00,2025-02-06 00:00:00+00
894,20,Parsley,PNQ-GH2,2025-07,null,null,2024-12-16 00:00:00+00,2025-01-09 00:00:00+00,2025-02-13 00:00:00+00
894,20,Parsley,PNQ-GH2,2025-08,null,null,2024-12-23 00:00:00+00,2025-01-16 00:00:00+00,2025-02-20 00:00:00+00
887,26,Basil,PNQ-GH2,2025-09,null,null,2025-01-13 00:00:00+00,2025-02-03 00:00:00+00,2025-02-24 00:00:00+00
890,4,Green Salanova Frisee,PNQ-GH2,2025-09,null,null,2024-12-30 00:00:00+00,2025-01-27 00:00:00+00,2025-02-24 00:00:00+00
892,11,Kale,PNQ-GH2,2025-09,null,null,2024-12-30 00:00:00+00,2025-01-27 00:00:00+00,2025-02-24 00:00:00+00
893,24,Mint,PNQ-GH2,2025-09,null,null,2024-12-30 00:00:00+00,2025-01-27 00:00:00+00,2025-02-24 00:00:00+00
894,20,Parsley,PNQ-GH2,2025-09,null,null,2024-12-30 00:00:00+00,2025-01-23 00:00:00+00,2025-02-27 00:00:00+00
900,23,Sage,PNQ-GH2,2025-09,null,null,2024-12-30 00:00:00+00,2025-01-27 00:00:00+00,2025-02-24 00:00:00+00
902,22,Thai Basil,PNQ-GH2,2025-09,null,null,2025-01-13 00:00:00+00,2025-02-03 00:00:00+00,2025-02-24 00:00:00+00
887,26,Basil,PNQ-GH2,2025-10,61.7,1674,2025-01-20 00:00:00+00,2025-02-10 00:00:00+00,2025-03-03 00:00:00+00
890,4,Green Salanova Frisee,PNQ-GH2,2025-10,78.6,659,2025-01-06 00:00:00+00,2025-02-03 00:00:00+00,2025-03-03 00:00:00+00
892,11,Kale,PNQ-GH2,2025-10,27.5,1488,2025-01-06 00:00:00+00,2025-02-03 00:00:00+00,2025-03-03 00:00:00+00
893,24,Mint,PNQ-GH2,2025-10,3.6,279,2025-01-06 00:00:00+00,2025-02-03 00:00:00+00,2025-03-03 00:00:00+00
894,20,Parsley,PNQ-GH2,2025-10,16.1,310,2025-01-06 00:00:00+00,2025-01-30 00:00:00+00,2025-03-06 00:00:00+00
900,23,Sage,PNQ-GH2,2025-10,0.8,124,2025-01-06 00:00:00+00,2025-02-03 00:00:00+00,2025-03-03 00:00:00+00
902,22,Thai Basil,PNQ-GH2,2025-10,null,null,2025-01-20 00:00:00+00,2025-02-10 00:00:00+00,2025-03-03 00:00:00+00
887,26,Basil,PNQ-GH2,2025-11,93.4,2604,2025-01-27 00:00:00+00,2025-02-17 00:00:00+00,2025-03-10 00:00:00+00
890,4,Green Salanova Frisee,PNQ-GH2,2025-11,80.6,672,2025-01-13 00:00:00+00,2025-02-10 00:00:00+00,2025-03-10 00:00:00+00
892,11,Kale,PNQ-GH2,2025-11,33.6,1488,2025-01-13 00:00:00+00,2025-02-10 00:00:00+00,2025-03-10 00:00:00+00
893,24,Mint,PNQ-GH2,2025-11,4.6,233,2025-01-13 00:00:00+00,2025-02-10 00:00:00+00,2025-03-10 00:00:00+00
894,20,Parsley,PNQ-GH2,2025-11,21.7,589,2025-01-13 00:00:00+00,2025-02-06 00:00:00+00,2025-03-13 00:00:00+00
900,23,Sage,PNQ-GH2,2025-11,0.5,62,2025-01-13 00:00:00+00,2025-02-10 00:00:00+00,2025-03-10 00:00:00+00
902,22,Thai Basil,PNQ-GH2,2025-11,null,null,2025-01-27 00:00:00+00,2025-02-17 00:00:00+00,2025-03-10 00:00:00+00
887,26,Basil,PNQ-GH2,2025-12,57.6,1452,2025-02-03 00:00:00+00,2025-02-24 00:00:00+00,2025-03-17 00:00:00+00
890,4,Green Salanova Frisee,PNQ-GH2,2025-12,68.9,656,2025-01-20 00:00:00+00,2025-02-17 00:00:00+00,2025-03-17 00:00:00+00
892,11,Kale,PNQ-GH2,2025-12,14.7,1302,2025-01-20 00:00:00+00,2025-02-17 00:00:00+00,2025-03-17 00:00:00+00
893,24,Mint,PNQ-GH2,2025-12,5.9,279,2025-01-20 00:00:00+00,2025-02-17 00:00:00+00,2025-03-17 00:00:00+00
894,20,Parsley,PNQ-GH2,2025-12,12.6,372,2025-01-20 00:00:00+00,2025-02-13 00:00:00+00,2025-03-20 00:00:00+00
900,23,Sage,PNQ-GH2,2025-12,0.5,62,2025-01-20 00:00:00+00,2025-02-17 00:00:00+00,2025-03-17 00:00:00+00
902,22,Thai Basil,PNQ-GH2,2025-12,2.6,93,2025-02-03 00:00:00+00,2025-02-24 00:00:00+00,2025-03-17 00:00:00+00
887,26,Basil,PNQ-GH2,2025-13,53,1767,2025-02-10 00:00:00+00,2025-03-03 00:00:00+00,2025-03-24 00:00:00+00
890,4,Green Salanova Frisee,PNQ-GH2,2025-13,51.1,672,2025-01-27 00:00:00+00,2025-02-24 00:00:00+00,2025-03-24 00:00:00+00
892,11,Kale,PNQ-GH2,2025-13,13.1,1488,2025-01-27 00:00:00+00,2025-02-24 00:00:00+00,2025-03-24 00:00:00+00
893,24,Mint,PNQ-GH2,2025-13,0.3,10,2025-01-27 00:00:00+00,2025-02-24 00:00:00+00,2025-03-24 00:00:00+00
894,20,Parsley,PNQ-GH2,2025-13,10.7,248,2025-01-27 00:00:00+00,2025-02-20 00:00:00+00,2025-03-27 00:00:00+00
900,23,Sage,PNQ-GH2,2025-13,0.4,31,2025-01-27 00:00:00+00,2025-02-24 00:00:00+00,2025-03-24 00:00:00+00
902,22,Thai Basil,PNQ-GH2,2025-13,null,null,2025-02-10 00:00:00+00,2025-03-03 00:00:00+00,2025-03-24 00:00:00+00
887,26,Basil,PNQ-GH2,2025-14,56.4,1457,2025-02-17 00:00:00+00,2025-03-10 00:00:00+00,2025-03-31 00:00:00+00
890,4,Green Salanova Frisee,PNQ-GH2,2025-14,57.6,640,2025-02-03 00:00:00+00,2025-03-03 00:00:00+00,2025-03-31 00:00:00+00
892,11,Kale,PNQ-GH2,2025-14,16.1,1488,2025-02-03 00:00:00+00,2025-03-03 00:00:00+00,2025-03-31 00:00:00+00
893,24,Mint,PNQ-GH2,2025-14,2.9,248,2025-02-03 00:00:00+00,2025-03-03 00:00:00+00,2025-03-31 00:00:00+00
894,20,Parsley,PNQ-GH2,2025-14,9,368,2025-02-03 00:00:00+00,2025-02-27 00:00:00+00,2025-04-03 00:00:00+00
900,23,Sage,PNQ-GH2,2025-14,null,null,2025-02-03 00:00:00+00,2025-03-03 00:00:00+00,2025-03-31 00:00:00+00
902,22,Thai Basil,PNQ-GH2,2025-14,null,null,2025-02-17 00:00:00+00,2025-03-10 00:00:00+00,2025-03-31 00:00:00+00
887,26,Basil,PNQ-GH2,2025-15,95.1,2202,2025-02-24 00:00:00+00,2025-03-17 00:00:00+00,2025-04-07 00:00:00+00
890,4,Green Salanova Frisee,PNQ-GH2,2025-15,69.1,688,2025-02-10 00:00:00+00,2025-03-10 00:00:00+00,2025-04-07 00:00:00+00
892,11,Kale,PNQ-GH2,2025-15,19.1,1519,2025-02-10 00:00:00+00,2025-03-10 00:00:00+00,2025-04-07 00:00:00+00
893,24,Mint,PNQ-GH2,2025-15,4.4,230,2025-02-10 00:00:00+00,2025-03-10 00:00:00+00,2025-04-07 00:00:00+00
894,20,Parsley,PNQ-GH2,2025-15,9.7,687,2025-02-10 00:00:00+00,2025-03-06 00:00:00+00,2025-04-10 00:00:00+00
900,23,Sage,PNQ-GH2,2025-15,0.4,155,2025-02-10 00:00:00+00,2025-03-10 00:00:00+00,2025-04-07 00:00:00+00
902,22,Thai Basil,PNQ-GH2,2025-15,1.1,62,2025-02-24 00:00:00+00,2025-03-17 00:00:00+00,2025-04-07 00:00:00+00
887,26,Basil,PNQ-GH2,2025-16,43.7,937,2025-03-03 00:00:00+00,2025-03-24 00:00:00+00,2025-04-14 00:00:00+00
890,4,Green Salanova Frisee,PNQ-GH2,2025-16,55.5,579,2025-02-17 00:00:00+00,2025-03-17 00:00:00+00,2025-04-14 00:00:00+00
892,11,Kale,PNQ-GH2,2025-16,15,1215,2025-02-17 00:00:00+00,2025-03-17 00:00:00+00,2025-04-14 00:00:00+00
893,24,Mint,PNQ-GH2,2025-16,2,93,2025-02-17 00:00:00+00,2025-03-17 00:00:00+00,2025-04-14 00:00:00+00
894,20,Parsley,PNQ-GH2,2025-16,4.3,310,2025-02-17 00:00:00+00,2025-03-13 00:00:00+00,2025-04-17 00:00:00+00
900,23,Sage,PNQ-GH2,2025-16,null,null,2025-02-17 00:00:00+00,2025-03-17 00:00:00+00,2025-04-14 00:00:00+00
902,22,Thai Basil,PNQ-GH2,2025-16,null,null,2025-03-03 00:00:00+00,2025-03-24 00:00:00+00,2025-04-14 00:00:00+00
887,26,Basil,PNQ-GH2,2025-17,104.8,2046,2025-03-10 00:00:00+00,2025-03-31 00:00:00+00,2025-04-21 00:00:00+00
890,4,Green Salanova Frisee,PNQ-GH2,2025-17,21.6,414,2025-02-24 00:00:00+00,2025-03-24 00:00:00+00,2025-04-21 00:00:00+00
892,11,Kale,PNQ-GH2,2025-17,7.3,682,2025-02-24 00:00:00+00,2025-03-24 00:00:00+00,2025-04-21 00:00:00+00
893,24,Mint,PNQ-GH2,2025-17,4.9,291,2025-02-24 00:00:00+00,2025-03-24 00:00:00+00,2025-04-21 00:00:00+00
894,20,Parsley,PNQ-GH2,2025-17,7.3,496,2025-02-24 00:00:00+00,2025-03-20 00:00:00+00,2025-04-24 00:00:00+00
900,23,Sage,PNQ-GH2,2025-17,null,null,2025-02-24 00:00:00+00,2025-03-24 00:00:00+00,2025-04-21 00:00:00+00
902,22,Thai Basil,PNQ-GH2,2025-17,3.5,93,2025-03-10 00:00:00+00,2025-03-31 00:00:00+00,2025-04-21 00:00:00+00
887,26,Basil,PNQ-GH2,2025-18,118.7,2955,2025-03-17 00:00:00+00,2025-04-07 00:00:00+00,2025-04-28 00:00:00+00
890,4,Green Salanova Frisee,PNQ-GH2,2025-18,50.1,640,2025-03-03 00:00:00+00,2025-03-31 00:00:00+00,2025-04-28 00:00:00+00
892,11,Kale,PNQ-GH2,2025-18,10.5,494,2025-03-03 00:00:00+00,2025-03-31 00:00:00+00,2025-04-28 00:00:00+00
893,24,Mint,PNQ-GH2,2025-18,5.1,217,2025-03-03 00:00:00+00,2025-03-31 00:00:00+00,2025-04-28 00:00:00+00
894,20,Parsley,PNQ-GH2,2025-18,4.5,384,2025-03-03 00:00:00+00,2025-03-27 00:00:00+00,2025-05-01 00:00:00+00
900,23,Sage,PNQ-GH2,2025-18,null,null,2025-03-03 00:00:00+00,2025-03-31 00:00:00+00,2025-04-28 00:00:00+00
902,22,Thai Basil,PNQ-GH2,2025-18,1.5,31,2025-03-17 00:00:00+00,2025-04-07 00:00:00+00,2025-04-28 00:00:00+00
887,26,Basil,PNQ-GH2,2025-19,97.2,2511,2025-03-24 00:00:00+00,2025-04-14 00:00:00+00,2025-05-05 00:00:00+00
890,4,Green Salanova Frisee,PNQ-GH2,2025-19,52.5,704,2025-03-10 00:00:00+00,2025-04-07 00:00:00+00,2025-05-05 00:00:00+00
892,11,Kale,PNQ-GH2,2025-19,15.2,1240,2025-03-10 00:00:00+00,2025-04-07 00:00:00+00,2025-05-05 00:00:00+00
893,24,Mint,PNQ-GH2,2025-19,4.4,248,2025-03-10 00:00:00+00,2025-04-07 00:00:00+00,2025-05-05 00:00:00+00
894,20,Parsley,PNQ-GH2,2025-19,3,1147,2025-03-10 00:00:00+00,2025-04-03 00:00:00+00,2025-05-08 00:00:00+00
900,23,Sage,PNQ-GH2,2025-19,null,null,2025-03-10 00:00:00+00,2025-04-07 00:00:00+00,2025-05-05 00:00:00+00
902,22,Thai Basil,PNQ-GH2,2025-19,6.5,250,2025-03-24 00:00:00+00,2025-04-14 00:00:00+00,2025-05-05 00:00:00+00
887,26,Basil,PNQ-GH2,2025-20,110.1,2542,2025-03-31 00:00:00+00,2025-04-21 00:00:00+00,2025-05-12 00:00:00+00
890,4,Green Salanova Frisee,PNQ-GH2,2025-20,50.3,656,2025-03-17 00:00:00+00,2025-04-14 00:00:00+00,2025-05-12 00:00:00+00
892,11,Kale,PNQ-GH2,2025-20,12.1,1519,2025-03-17 00:00:00+00,2025-04-14 00:00:00+00,2025-05-12 00:00:00+00
893,24,Mint,PNQ-GH2,2025-20,0.5,93,2025-03-17 00:00:00+00,2025-04-14 00:00:00+00,2025-05-12 00:00:00+00
894,20,Parsley,PNQ-GH2,2025-20,1.4,465,2025-03-17 00:00:00+00,2025-04-10 00:00:00+00,2025-05-15 00:00:00+00
900,23,Sage,PNQ-GH2,2025-20,0.2,155,2025-03-17 00:00:00+00,2025-04-14 00:00:00+00,2025-05-12 00:00:00+00
902,22,Thai Basil,PNQ-GH2,2025-20,4.7,124,2025-03-31 00:00:00+00,2025-04-21 00:00:00+00,2025-05-12 00:00:00+00
887,26,Basil,PNQ-GH2,2025-21,88.5,2449,2025-04-07 00:00:00+00,2025-04-28 00:00:00+00,2025-05-19 00:00:00+00
890,4,Green Salanova Frisee,PNQ-GH2,2025-21,47.8,649,2025-03-24 00:00:00+00,2025-04-21 00:00:00+00,2025-05-19 00:00:00+00
892,11,Kale,PNQ-GH2,2025-21,17.1,1178,2025-03-24 00:00:00+00,2025-04-21 00:00:00+00,2025-05-19 00:00:00+00
893,24,Mint,PNQ-GH2,2025-21,4.6,372,2025-03-24 00:00:00+00,2025-04-21 00:00:00+00,2025-05-19 00:00:00+00
894,20,Parsley,PNQ-GH2,2025-21,0.9,372,2025-03-24 00:00:00+00,2025-04-17 00:00:00+00,2025-05-22 00:00:00+00
900,23,Sage,PNQ-GH2,2025-21,null,null,2025-03-24 00:00:00+00,2025-04-21 00:00:00+00,2025-05-19 00:00:00+00
902,22,Thai Basil,PNQ-GH2,2025-21,4.2,124,2025-04-07 00:00:00+00,2025-04-28 00:00:00+00,2025-05-19 00:00:00+00
887,26,Basil,PNQ-GH2,2025-22,59,2030,2025-04-14 00:00:00+00,2025-05-05 00:00:00+00,2025-05-26 00:00:00+00
890,4,Green Salanova Frisee,PNQ-GH2,2025-22,44.8,662,2025-03-31 00:00:00+00,2025-04-28 00:00:00+00,2025-05-26 00:00:00+00
892,11,Kale,PNQ-GH2,2025-22,5.9,558,2025-03-31 00:00:00+00,2025-04-28 00:00:00+00,2025-05-26 00:00:00+00
893,24,Mint,PNQ-GH2,2025-22,null,null,2025-03-31 00:00:00+00,2025-04-28 00:00:00+00,2025-05-26 00:00:00+00
894,20,Parsley,PNQ-GH2,2025-22,null,null,2025-03-31 00:00:00+00,2025-04-24 00:00:00+00,2025-05-29 00:00:00+00
900,23,Sage,PNQ-GH2,2025-22,null,null,2025-03-31 00:00:00+00,2025-04-28 00:00:00+00,2025-05-26 00:00:00+00
902,22,Thai Basil,PNQ-GH2,2025-22,8.2,201,2025-04-14 00:00:00+00,2025-05-05 00:00:00+00,2025-05-26 00:00:00+00
903,18,Tuscan Kale,PNQ-GH2,2025-22,2.5,372,2025-03-31 00:00:00+00,2025-04-28 00:00:00+00,2025-05-26 00:00:00+00
887,26,Basil,PNQ-GH2,2025-23,null,null,2025-04-21 00:00:00+00,2025-05-12 00:00:00+00,2025-06-02 00:00:00+00
890,4,Green Salanova Frisee,PNQ-GH2,2025-23,null,null,2025-04-07 00:00:00+00,2025-05-05 00:00:00+00,2025-06-02 00:00:00+00
892,11,Kale,PNQ-GH2,2025-23,null,null,2025-04-07 00:00:00+00,2025-05-05 00:00:00+00,2025-06-02 00:00:00+00
893,24,Mint,PNQ-GH2,2025-23,null,null,2025-04-07 00:00:00+00,2025-05-05 00:00:00+00,2025-06-02 00:00:00+00
894,20,Parsley,PNQ-GH2,2025-23,null,null,2025-04-07 00:00:00+00,2025-05-01 00:00:00+00,2025-06-05 00:00:00+00
900,23,Sage,PNQ-GH2,2025-23,null,null,2025-04-07 00:00:00+00,2025-05-05 00:00:00+00,2025-06-02 00:00:00+00
902,22,Thai Basil,PNQ-GH2,2025-23,null,null,2025-04-21 00:00:00+00,2025-05-12 00:00:00+00,2025-06-02 00:00:00+00
903,18,Tuscan Kale,PNQ-GH2,2025-23,null,null,2025-04-07 00:00:00+00,2025-05-05 00:00:00+00,2025-06-02 00:00:00+00
887,26,Basil,PNQ-GH2,2025-24,null,null,2025-04-28 00:00:00+00,2025-05-19 00:00:00+00,2025-06-09 00:00:00+00
890,4,Green Salanova Frisee,PNQ-GH2,2025-24,null,null,2025-04-14 00:00:00+00,2025-05-12 00:00:00+00,2025-06-09 00:00:00+00
892,11,Kale,PNQ-GH2,2025-24,null,null,2025-04-14 00:00:00+00,2025-05-12 00:00:00+00,2025-06-09 00:00:00+00
893,24,Mint,PNQ-GH2,2025-24,null,null,2025-04-14 00:00:00+00,2025-05-12 00:00:00+00,2025-06-09 00:00:00+00
894,20,Parsley,PNQ-GH2,2025-24,null,null,2025-04-14 00:00:00+00,2025-05-08 00:00:00+00,2025-06-12 00:00:00+00
900,23,Sage,PNQ-GH2,2025-24,null,null,2025-04-14 00:00:00+00,2025-05-12 00:00:00+00,2025-06-09 00:00:00+00
902,22,Thai Basil,PNQ-GH2,2025-24,null,null,2025-04-28 00:00:00+00,2025-05-19 00:00:00+00,2025-06-09 00:00:00+00
903,18,Tuscan Kale,PNQ-GH2,2025-24,null,null,2025-04-14 00:00:00+00,2025-05-12 00:00:00+00,2025-06-09 00:00:00+00
887,26,Basil,PNQ-GH2,2025-25,null,null,2025-05-05 00:00:00+00,2025-05-26 00:00:00+00,2025-06-16 00:00:00+00
890,4,Green Salanova Frisee,PNQ-GH2,2025-25,null,null,2025-04-21 00:00:00+00,2025-05-19 00:00:00+00,2025-06-16 00:00:00+00
892,11,Kale,PNQ-GH2,2025-25,null,null,2025-04-21 00:00:00+00,2025-05-19 00:00:00+00,2025-06-16 00:00:00+00
893,24,Mint,PNQ-GH2,2025-25,null,null,2025-04-21 00:00:00+00,2025-05-19 00:00:00+00,2025-06-16 00:00:00+00
894,20,Parsley,PNQ-GH2,2025-25,null,null,2025-04-21 00:00:00+00,2025-05-15 00:00:00+00,2025-06-19 00:00:00+00
900,23,Sage,PNQ-GH2,2025-25,null,null,2025-04-21 00:00:00+00,2025-05-19 00:00:00+00,2025-06-16 00:00:00+00
902,22,Thai Basil,PNQ-GH2,2025-25,null,null,2025-05-05 00:00:00+00,2025-05-26 00:00:00+00,2025-06-16 00:00:00+00
903,18,Tuscan Kale,PNQ-GH2,2025-25,null,null,2025-04-21 00:00:00+00,2025-05-19 00:00:00+00,2025-06-16 00:00:00+00
887,26,Basil,PNQ-GH2,2025-26,null,null,2025-05-12 00:00:00+00,2025-06-02 00:00:00+00,2025-06-23 00:00:00+00
890,4,Green Salanova Frisee,PNQ-GH2,2025-26,null,null,2025-04-28 00:00:00+00,2025-05-26 00:00:00+00,2025-06-23 00:00:00+00
892,11,Kale,PNQ-GH2,2025-26,null,null,2025-04-28 00:00:00+00,2025-05-26 00:00:00+00,2025-06-23 00:00:00+00
893,24,Mint,PNQ-GH2,2025-26,null,null,2025-04-28 00:00:00+00,2025-05-26 00:00:00+00,2025-06-23 00:00:00+00
894,20,Parsley,PNQ-GH2,2025-26,null,null,2025-04-28 00:00:00+00,2025-05-22 00:00:00+00,2025-06-26 00:00:00+00
900,23,Sage,PNQ-GH2,2025-26,null,null,2025-04-28 00:00:00+00,2025-05-26 00:00:00+00,2025-06-23 00:00:00+00
902,22,Thai Basil,PNQ-GH2,2025-26,null,null,2025-05-12 00:00:00+00,2025-06-02 00:00:00+00,2025-06-23 00:00:00+00
903,18,Tuscan Kale,PNQ-GH2,2025-26,null,null,2025-04-28 00:00:00+00,2025-05-26 00:00:00+00,2025-06-23 00:00:00+00
887,26,Basil,PNQ-GH2,2025-27,null,null,2025-05-19 00:00:00+00,2025-06-09 00:00:00+00,2025-06-30 00:00:00+00
890,4,Green Salanova Frisee,PNQ-GH2,2025-27,null,null,2025-05-05 00:00:00+00,2025-06-02 00:00:00+00,2025-06-30 00:00:00+00
892,11,Kale,PNQ-GH2,2025-27,null,null,2025-05-05 00:00:00+00,2025-06-02 00:00:00+00,2025-06-30 00:00:00+00
893,24,Mint,PNQ-GH2,2025-27,null,null,2025-05-05 00:00:00+00,2025-06-02 00:00:00+00,2025-06-30 00:00:00+00
894,20,Parsley,PNQ-GH2,2025-27,null,null,2025-05-05 00:00:00+00,2025-05-29 00:00:00+00,2025-07-03 00:00:00+00
900,23,Sage,PNQ-GH2,2025-27,null,null,2025-05-05 00:00:00+00,2025-06-02 00:00:00+00,2025-06-30 00:00:00+00
902,22,Thai Basil,PNQ-GH2,2025-27,null,null,2025-05-19 00:00:00+00,2025-06-09 00:00:00+00,2025-06-30 00:00:00+00
903,18,Tuscan Kale,PNQ-GH2,2025-27,null,null,2025-05-05 00:00:00+00,2025-06-02 00:00:00+00,2025-06-30 00:00:00+00
887,26,Basil,PNQ-GH2,2025-28,null,null,2025-05-26 00:00:00+00,2025-06-16 00:00:00+00,2025-07-07 00:00:00+00
890,4,Green Salanova Frisee,PNQ-GH2,2025-28,null,null,2025-05-12 00:00:00+00,2025-06-09 00:00:00+00,2025-07-07 00:00:00+00
892,11,Kale,PNQ-GH2,2025-28,null,null,2025-05-12 00:00:00+00,2025-06-09 00:00:00+00,2025-07-07 00:00:00+00
893,24,Mint,PNQ-GH2,2025-28,null,null,2025-05-12 00:00:00+00,2025-06-09 00:00:00+00,2025-07-07 00:00:00+00
894,20,Parsley,PNQ-GH2,2025-28,null,null,2025-05-12 00:00:00+00,2025-06-05 00:00:00+00,2025-07-10 00:00:00+00
900,23,Sage,PNQ-GH2,2025-28,null,null,2025-05-12 00:00:00+00,2025-06-09 00:00:00+00,2025-07-07 00:00:00+00
902,22,Thai Basil,PNQ-GH2,2025-28,null,null,2025-05-26 00:00:00+00,2025-06-16 00:00:00+00,2025-07-07 00:00:00+00
903,18,Tuscan Kale,PNQ-GH2,2025-28,null,null,2025-05-12 00:00:00+00,2025-06-09 00:00:00+00,2025-07-07 00:00:00+00
887,26,Basil,PNQ-GH2,2025-29,null,null,2025-06-02 00:00:00+00,2025-06-23 00:00:00+00,2025-07-14 00:00:00+00
890,4,Green Salanova Frisee,PNQ-GH2,2025-29,null,null,2025-05-19 00:00:00+00,2025-06-16 00:00:00+00,2025-07-14 00:00:00+00
892,11,Kale,PNQ-GH2,2025-29,38,638,2025-05-19 00:00:00+00,2025-06-16 00:00:00+00,2025-07-14 00:00:00+00
893,24,Mint,PNQ-GH2,2025-29,null,null,2025-05-19 00:00:00+00,2025-06-16 00:00:00+00,2025-07-14 00:00:00+00
894,20,Parsley,PNQ-GH2,2025-29,null,null,2025-05-19 00:00:00+00,2025-06-12 00:00:00+00,2025-07-17 00:00:00+00
900,23,Sage,PNQ-GH2,2025-29,null,null,2025-05-19 00:00:00+00,2025-06-16 00:00:00+00,2025-07-14 00:00:00+00
902,22,Thai Basil,PNQ-GH2,2025-29,null,null,2025-06-02 00:00:00+00,2025-06-23 00:00:00+00,2025-07-14 00:00:00+00
903,18,Tuscan Kale,PNQ-GH2,2025-29,null,null,2025-05-19 00:00:00+00,2025-06-16 00:00:00+00,2025-07-14 00:00:00+00
890,4,Green Salanova Frisee,PNQ-GH2,2025-30,null,null,2025-05-26 00:00:00+00,2025-06-23 00:00:00+00,2025-07-21 00:00:00+00
892,11,Kale,PNQ-GH2,2025-30,null,null,2025-05-26 00:00:00+00,2025-06-23 00:00:00+00,2025-07-21 00:00:00+00
893,24,Mint,PNQ-GH2,2025-30,null,null,2025-05-26 00:00:00+00,2025-06-23 00:00:00+00,2025-07-21 00:00:00+00
894,20,Parsley,PNQ-GH2,2025-30,null,null,2025-05-26 00:00:00+00,2025-06-19 00:00:00+00,2025-07-24 00:00:00+00
900,23,Sage,PNQ-GH2,2025-30,null,null,2025-05-26 00:00:00+00,2025-06-23 00:00:00+00,2025-07-21 00:00:00+00
903,18,Tuscan Kale,PNQ-GH2,2025-30,null,null,2025-05-26 00:00:00+00,2025-06-23 00:00:00+00,2025-07-21 00:00:00+00
890,4,Green Salanova Frisee,PNQ-GH2,2025-31,null,null,2025-06-02 00:00:00+00,2025-06-30 00:00:00+00,2025-07-28 00:00:00+00
892,11,Kale,PNQ-GH2,2025-31,null,null,2025-06-02 00:00:00+00,2025-06-30 00:00:00+00,2025-07-28 00:00:00+00
893,24,Mint,PNQ-GH2,2025-31,null,null,2025-06-02 00:00:00+00,2025-06-30 00:00:00+00,2025-07-28 00:00:00+00
894,20,Parsley,PNQ-GH2,2025-31,null,null,2025-06-02 00:00:00+00,2025-06-26 00:00:00+00,2025-07-31 00:00:00+00
900,23,Sage,PNQ-GH2,2025-31,null,null,2025-06-02 00:00:00+00,2025-06-30 00:00:00+00,2025-07-28 00:00:00+00
903,18,Tuscan Kale,PNQ-GH2,2025-31,null,null,2025-06-02 00:00:00+00,2025-06-30 00:00:00+00,2025-07-28 00:00:00+00
890,4,Green Salanova Frisee,PNQ-GH2,2025-32,null,null,2025-06-09 00:00:00+00,2025-07-07 00:00:00+00,2025-08-04 00:00:00+00
892,11,Kale,PNQ-GH2,2025-32,null,null,2025-06-09 00:00:00+00,2025-07-07 00:00:00+00,2025-08-04 00:00:00+00
893,24,Mint,PNQ-GH2,2025-32,null,null,2025-06-09 00:00:00+00,2025-07-07 00:00:00+00,2025-08-04 00:00:00+00
894,20,Parsley,PNQ-GH2,2025-32,null,null,2025-06-09 00:00:00+00,2025-07-03 00:00:00+00,2025-08-07 00:00:00+00
900,23,Sage,PNQ-GH2,2025-32,null,null,2025-06-09 00:00:00+00,2025-07-07 00:00:00+00,2025-08-04 00:00:00+00
903,18,Tuscan Kale,PNQ-GH2,2025-32,null,null,2025-06-09 00:00:00+00,2025-07-07 00:00:00+00,2025-08-04 00:00:00+00
894,20,Parsley,PNQ-GH2,2025-33,null,null,2025-06-16 00:00:00+00,2025-07-10 00:00:00+00,2025-08-14 00:00:00+00
888,10,Green Batavia,PNQ-GH3,2025-08,null,null,2024-12-30 00:00:00+00,2025-01-23 00:00:00+00,2025-02-17 00:00:00+00
889,6,Green Salanova Butterhead,PNQ-GH3,2025-08,null,null,2024-12-30 00:00:00+00,2025-01-23 00:00:00+00,2025-02-17 00:00:00+00
891,5,Green Salanova Oakleaf,PNQ-GH3,2025-08,null,null,2024-12-30 00:00:00+00,2025-01-23 00:00:00+00,2025-02-17 00:00:00+00
899,8,Romaine,PNQ-GH3,2025-08,null,null,2024-12-30 00:00:00+00,2025-01-23 00:00:00+00,2025-02-17 00:00:00+00
905,42,Baby Romaine,PNQ-GH3,2025-09,null,null,2024-12-30 00:00:00+00,2025-01-27 00:00:00+00,2025-02-24 00:00:00+00
888,10,Green Batavia,PNQ-GH3,2025-09,null,null,2025-01-06 00:00:00+00,2025-01-30 00:00:00+00,2025-02-24 00:00:00+00
889,6,Green Salanova Butterhead,PNQ-GH3,2025-09,null,null,2025-01-06 00:00:00+00,2025-01-30 00:00:00+00,2025-02-24 00:00:00+00
891,5,Green Salanova Oakleaf,PNQ-GH3,2025-09,null,null,2025-01-06 00:00:00+00,2025-01-30 00:00:00+00,2025-02-24 00:00:00+00
895,9,Red Batavia,PNQ-GH3,2025-09,null,null,2024-12-30 00:00:00+00,2025-01-27 00:00:00+00,2025-02-24 00:00:00+00
899,8,Romaine,PNQ-GH3,2025-09,null,null,2025-01-06 00:00:00+00,2025-01-30 00:00:00+00,2025-02-24 00:00:00+00
905,42,Baby Romaine,PNQ-GH3,2025-10,26.5,192,2025-01-06 00:00:00+00,2025-02-03 00:00:00+00,2025-03-03 00:00:00+00
888,10,Green Batavia,PNQ-GH3,2025-10,17.4,127,2025-01-13 00:00:00+00,2025-02-06 00:00:00+00,2025-03-03 00:00:00+00
889,6,Green Salanova Butterhead,PNQ-GH3,2025-10,105.4,1030,2025-01-13 00:00:00+00,2025-02-06 00:00:00+00,2025-03-03 00:00:00+00
891,5,Green Salanova Oakleaf,PNQ-GH3,2025-10,114.6,889,2025-01-13 00:00:00+00,2025-02-06 00:00:00+00,2025-03-03 00:00:00+00
895,9,Red Batavia,PNQ-GH3,2025-10,20.6,263,2025-01-06 00:00:00+00,2025-02-03 00:00:00+00,2025-03-03 00:00:00+00
899,8,Romaine,PNQ-GH3,2025-10,63.8,512,2025-01-13 00:00:00+00,2025-02-06 00:00:00+00,2025-03-03 00:00:00+00
905,42,Baby Romaine,PNQ-GH3,2025-11,30.4,192,2025-01-13 00:00:00+00,2025-02-10 00:00:00+00,2025-03-10 00:00:00+00
888,10,Green Batavia,PNQ-GH3,2025-11,42.1,342,2025-01-20 00:00:00+00,2025-02-13 00:00:00+00,2025-03-10 00:00:00+00
889,6,Green Salanova Butterhead,PNQ-GH3,2025-11,102.1,768,2025-01-20 00:00:00+00,2025-02-13 00:00:00+00,2025-03-10 00:00:00+00
891,5,Green Salanova Oakleaf,PNQ-GH3,2025-11,104.1,864,2025-01-20 00:00:00+00,2025-02-13 00:00:00+00,2025-03-10 00:00:00+00
895,9,Red Batavia,PNQ-GH3,2025-11,22.8,272,2025-01-13 00:00:00+00,2025-02-10 00:00:00+00,2025-03-10 00:00:00+00
899,8,Romaine,PNQ-GH3,2025-11,22.8,272,2025-01-20 00:00:00+00,2025-02-13 00:00:00+00,2025-03-10 00:00:00+00
905,42,Baby Romaine,PNQ-GH3,2025-12,34.2,208,2025-01-20 00:00:00+00,2025-02-17 00:00:00+00,2025-03-17 00:00:00+00
888,10,Green Batavia,PNQ-GH3,2025-12,39.8,352,2025-01-27 00:00:00+00,2025-02-20 00:00:00+00,2025-03-17 00:00:00+00
889,6,Green Salanova Butterhead,PNQ-GH3,2025-12,103.3,800,2025-01-27 00:00:00+00,2025-02-20 00:00:00+00,2025-03-17 00:00:00+00
891,5,Green Salanova Oakleaf,PNQ-GH3,2025-12,117.5,896,2025-01-27 00:00:00+00,2025-02-20 00:00:00+00,2025-03-17 00:00:00+00
895,9,Red Batavia,PNQ-GH3,2025-12,18.3,291,2025-01-20 00:00:00+00,2025-02-17 00:00:00+00,2025-03-17 00:00:00+00
899,8,Romaine,PNQ-GH3,2025-12,18.3,261,2025-01-27 00:00:00+00,2025-02-20 00:00:00+00,2025-03-17 00:00:00+00
905,42,Baby Romaine,PNQ-GH3,2025-13,24,224,2025-01-27 00:00:00+00,2025-02-24 00:00:00+00,2025-03-24 00:00:00+00
888,10,Green Batavia,PNQ-GH3,2025-13,36.3,352,2025-02-03 00:00:00+00,2025-02-27 00:00:00+00,2025-03-24 00:00:00+00
889,6,Green Salanova Butterhead,PNQ-GH3,2025-13,87.3,752,2025-02-03 00:00:00+00,2025-02-27 00:00:00+00,2025-03-24 00:00:00+00
891,5,Green Salanova Oakleaf,PNQ-GH3,2025-13,96.9,864,2025-02-03 00:00:00+00,2025-02-27 00:00:00+00,2025-03-24 00:00:00+00
895,9,Red Batavia,PNQ-GH3,2025-13,19.2,272,2025-01-27 00:00:00+00,2025-02-24 00:00:00+00,2025-03-24 00:00:00+00
899,8,Romaine,PNQ-GH3,2025-13,49.7,512,2025-02-03 00:00:00+00,2025-02-27 00:00:00+00,2025-03-24 00:00:00+00
905,42,Baby Romaine,PNQ-GH3,2025-14,21.7,202,2025-02-03 00:00:00+00,2025-03-03 00:00:00+00,2025-03-31 00:00:00+00
888,10,Green Batavia,PNQ-GH3,2025-14,43.3,352,2025-02-10 00:00:00+00,2025-03-06 00:00:00+00,2025-03-31 00:00:00+00
889,6,Green Salanova Butterhead,PNQ-GH3,2025-14,105.4,768,2025-02-10 00:00:00+00,2025-03-06 00:00:00+00,2025-03-31 00:00:00+00
891,5,Green Salanova Oakleaf,PNQ-GH3,2025-14,125.1,864,2025-02-10 00:00:00+00,2025-03-06 00:00:00+00,2025-03-31 00:00:00+00
895,9,Red Batavia,PNQ-GH3,2025-14,21.8,272,2025-02-03 00:00:00+00,2025-03-03 00:00:00+00,2025-03-31 00:00:00+00
899,8,Romaine,PNQ-GH3,2025-14,52,512,2025-02-10 00:00:00+00,2025-03-06 00:00:00+00,2025-03-31 00:00:00+00
905,42,Baby Romaine,PNQ-GH3,2025-15,28.5,211,2025-02-10 00:00:00+00,2025-03-10 00:00:00+00,2025-04-07 00:00:00+00
888,10,Green Batavia,PNQ-GH3,2025-15,48,352,2025-02-17 00:00:00+00,2025-03-13 00:00:00+00,2025-04-07 00:00:00+00
889,6,Green Salanova Butterhead,PNQ-GH3,2025-15,100.5,771,2025-02-17 00:00:00+00,2025-03-13 00:00:00+00,2025-04-07 00:00:00+00
891,5,Green Salanova Oakleaf,PNQ-GH3,2025-15,128.9,864,2025-02-17 00:00:00+00,2025-03-13 00:00:00+00,2025-04-07 00:00:00+00
895,9,Red Batavia,PNQ-GH3,2025-15,21.2,304,2025-02-10 00:00:00+00,2025-03-10 00:00:00+00,2025-04-07 00:00:00+00
899,8,Romaine,PNQ-GH3,2025-15,49,512,2025-02-17 00:00:00+00,2025-03-13 00:00:00+00,2025-04-07 00:00:00+00
905,42,Baby Romaine,PNQ-GH3,2025-16,16.9,161,2025-02-17 00:00:00+00,2025-03-17 00:00:00+00,2025-04-14 00:00:00+00
888,10,Green Batavia,PNQ-GH3,2025-16,25.8,176,2025-02-24 00:00:00+00,2025-03-20 00:00:00+00,2025-04-14 00:00:00+00
889,6,Green Salanova Butterhead,PNQ-GH3,2025-16,84.2,765,2025-02-24 00:00:00+00,2025-03-20 00:00:00+00,2025-04-14 00:00:00+00
891,5,Green Salanova Oakleaf,PNQ-GH3,2025-16,101.1,865,2025-02-24 00:00:00+00,2025-03-20 00:00:00+00,2025-04-14 00:00:00+00
895,9,Red Batavia,PNQ-GH3,2025-16,10.7,208,2025-02-17 00:00:00+00,2025-03-17 00:00:00+00,2025-04-14 00:00:00+00
899,8,Romaine,PNQ-GH3,2025-16,50.8,512,2025-02-24 00:00:00+00,2025-03-20 00:00:00+00,2025-04-14 00:00:00+00
905,42,Baby Romaine,PNQ-GH3,2025-17,19.1,192,2025-02-24 00:00:00+00,2025-03-24 00:00:00+00,2025-04-21 00:00:00+00
888,10,Green Batavia,PNQ-GH3,2025-17,45,400,2025-03-03 00:00:00+00,2025-03-27 00:00:00+00,2025-04-21 00:00:00+00
889,6,Green Salanova Butterhead,PNQ-GH3,2025-17,88.3,768,2025-03-03 00:00:00+00,2025-03-27 00:00:00+00,2025-04-21 00:00:00+00
891,5,Green Salanova Oakleaf,PNQ-GH3,2025-17,100.2,864,2025-03-03 00:00:00+00,2025-03-27 00:00:00+00,2025-04-21 00:00:00+00
895,9,Red Batavia,PNQ-GH3,2025-17,16.8,320,2025-02-24 00:00:00+00,2025-03-24 00:00:00+00,2025-04-21 00:00:00+00
899,8,Romaine,PNQ-GH3,2025-17,51.2,464,2025-03-03 00:00:00+00,2025-03-27 00:00:00+00,2025-04-21 00:00:00+00
905,42,Baby Romaine,PNQ-GH3,2025-18,8.1,96,2025-03-03 00:00:00+00,2025-03-31 00:00:00+00,2025-04-28 00:00:00+00
888,10,Green Batavia,PNQ-GH3,2025-18,25.3,272,2025-03-10 00:00:00+00,2025-04-03 00:00:00+00,2025-04-28 00:00:00+00
889,6,Green Salanova Butterhead,PNQ-GH3,2025-18,59.1,773,2025-03-10 00:00:00+00,2025-04-03 00:00:00+00,2025-04-28 00:00:00+00
891,5,Green Salanova Oakleaf,PNQ-GH3,2025-18,88.5,862,2025-03-10 00:00:00+00,2025-04-03 00:00:00+00,2025-04-28 00:00:00+00
895,9,Red Batavia,PNQ-GH3,2025-18,11.9,304,2025-03-03 00:00:00+00,2025-03-31 00:00:00+00,2025-04-28 00:00:00+00
899,8,Romaine,PNQ-GH3,2025-18,46.3,512,2025-03-10 00:00:00+00,2025-04-03 00:00:00+00,2025-04-28 00:00:00+00
905,42,Baby Romaine,PNQ-GH3,2025-19,16.4,192,2025-03-10 00:00:00+00,2025-04-07 00:00:00+00,2025-05-05 00:00:00+00
888,10,Green Batavia,PNQ-GH3,2025-19,32.2,336,2025-03-17 00:00:00+00,2025-04-10 00:00:00+00,2025-05-05 00:00:00+00
889,6,Green Salanova Butterhead,PNQ-GH3,2025-19,67.2,740,2025-03-17 00:00:00+00,2025-04-10 00:00:00+00,2025-05-05 00:00:00+00
891,5,Green Salanova Oakleaf,PNQ-GH3,2025-19,79.6,798,2025-03-17 00:00:00+00,2025-04-10 00:00:00+00,2025-05-05 00:00:00+00
895,9,Red Batavia,PNQ-GH3,2025-19,11.9,288,2025-03-10 00:00:00+00,2025-04-07 00:00:00+00,2025-05-05 00:00:00+00
899,8,Romaine,PNQ-GH3,2025-19,35.8,464,2025-03-17 00:00:00+00,2025-04-10 00:00:00+00,2025-05-05 00:00:00+00
905,42,Baby Romaine,PNQ-GH3,2025-20,9.1,176,2025-03-17 00:00:00+00,2025-04-14 00:00:00+00,2025-05-12 00:00:00+00
888,10,Green Batavia,PNQ-GH3,2025-20,17.2,352,2025-03-24 00:00:00+00,2025-04-17 00:00:00+00,2025-05-12 00:00:00+00
889,6,Green Salanova Butterhead,PNQ-GH3,2025-20,62.3,800,2025-03-24 00:00:00+00,2025-04-17 00:00:00+00,2025-05-12 00:00:00+00
891,5,Green Salanova Oakleaf,PNQ-GH3,2025-20,63.1,798,2025-03-24 00:00:00+00,2025-04-17 00:00:00+00,2025-05-12 00:00:00+00
895,9,Red Batavia,PNQ-GH3,2025-20,9.4,288,2025-03-17 00:00:00+00,2025-04-14 00:00:00+00,2025-05-12 00:00:00+00
899,8,Romaine,PNQ-GH3,2025-20,40,512,2025-03-24 00:00:00+00,2025-04-17 00:00:00+00,2025-05-12 00:00:00+00
905,42,Baby Romaine,PNQ-GH3,2025-21,11.4,144,2025-03-24 00:00:00+00,2025-04-21 00:00:00+00,2025-05-19 00:00:00+00
888,10,Green Batavia,PNQ-GH3,2025-21,17.3,176,2025-03-31 00:00:00+00,2025-04-24 00:00:00+00,2025-05-19 00:00:00+00
889,6,Green Salanova Butterhead,PNQ-GH3,2025-21,82.1,736,2025-03-31 00:00:00+00,2025-04-24 00:00:00+00,2025-05-19 00:00:00+00
891,5,Green Salanova Oakleaf,PNQ-GH3,2025-21,85.3,864,2025-03-31 00:00:00+00,2025-04-24 00:00:00+00,2025-05-19 00:00:00+00
895,9,Red Batavia,PNQ-GH3,2025-21,7.4,144,2025-03-24 00:00:00+00,2025-04-21 00:00:00+00,2025-05-19 00:00:00+00
899,8,Romaine,PNQ-GH3,2025-21,50.3,512,2025-03-31 00:00:00+00,2025-04-24 00:00:00+00,2025-05-19 00:00:00+00
905,42,Baby Romaine,PNQ-GH3,2025-22,21.4,179,2025-03-31 00:00:00+00,2025-04-28 00:00:00+00,2025-05-26 00:00:00+00
888,10,Green Batavia,PNQ-GH3,2025-22,40.7,354,2025-04-07 00:00:00+00,2025-05-01 00:00:00+00,2025-05-26 00:00:00+00
889,6,Green Salanova Butterhead,PNQ-GH3,2025-22,96.3,768,2025-04-07 00:00:00+00,2025-05-01 00:00:00+00,2025-05-26 00:00:00+00
891,5,Green Salanova Oakleaf,PNQ-GH3,2025-22,106.9,881,2025-04-07 00:00:00+00,2025-05-01 00:00:00+00,2025-05-26 00:00:00+00
895,9,Red Batavia,PNQ-GH3,2025-22,17.7,369,2025-03-31 00:00:00+00,2025-04-28 00:00:00+00,2025-05-26 00:00:00+00
899,8,Romaine,PNQ-GH3,2025-22,51.1,515,2025-04-07 00:00:00+00,2025-05-01 00:00:00+00,2025-05-26 00:00:00+00
905,42,Baby Romaine,PNQ-GH3,2025-23,null,null,2025-04-07 00:00:00+00,2025-05-05 00:00:00+00,2025-06-02 00:00:00+00
888,10,Green Batavia,PNQ-GH3,2025-23,null,null,2025-04-14 00:00:00+00,2025-05-08 00:00:00+00,2025-06-02 00:00:00+00
889,6,Green Salanova Butterhead,PNQ-GH3,2025-23,null,null,2025-04-14 00:00:00+00,2025-05-08 00:00:00+00,2025-06-02 00:00:00+00
891,5,Green Salanova Oakleaf,PNQ-GH3,2025-23,null,null,2025-04-14 00:00:00+00,2025-05-08 00:00:00+00,2025-06-02 00:00:00+00
895,9,Red Batavia,PNQ-GH3,2025-23,null,null,2025-04-07 00:00:00+00,2025-05-05 00:00:00+00,2025-06-02 00:00:00+00
899,8,Romaine,PNQ-GH3,2025-23,null,null,2025-04-14 00:00:00+00,2025-05-08 00:00:00+00,2025-06-02 00:00:00+00
905,42,Baby Romaine,PNQ-GH3,2025-24,null,null,2025-04-14 00:00:00+00,2025-05-12 00:00:00+00,2025-06-09 00:00:00+00
888,10,Green Batavia,PNQ-GH3,2025-24,null,null,2025-04-21 00:00:00+00,2025-05-15 00:00:00+00,2025-06-09 00:00:00+00
889,6,Green Salanova Butterhead,PNQ-GH3,2025-24,null,null,2025-04-21 00:00:00+00,2025-05-15 00:00:00+00,2025-06-09 00:00:00+00
891,5,Green Salanova Oakleaf,PNQ-GH3,2025-24,null,null,2025-04-21 00:00:00+00,2025-05-15 00:00:00+00,2025-06-09 00:00:00+00
895,9,Red Batavia,PNQ-GH3,2025-24,null,null,2025-04-14 00:00:00+00,2025-05-12 00:00:00+00,2025-06-09 00:00:00+00
899,8,Romaine,PNQ-GH3,2025-24,null,null,2025-04-21 00:00:00+00,2025-05-15 00:00:00+00,2025-06-09 00:00:00+00
905,42,Baby Romaine,PNQ-GH3,2025-25,null,null,2025-04-21 00:00:00+00,2025-05-19 00:00:00+00,2025-06-16 00:00:00+00
888,10,Green Batavia,PNQ-GH3,2025-25,null,null,2025-04-28 00:00:00+00,2025-05-22 00:00:00+00,2025-06-16 00:00:00+00
889,6,Green Salanova Butterhead,PNQ-GH3,2025-25,null,null,2025-04-28 00:00:00+00,2025-05-22 00:00:00+00,2025-06-16 00:00:00+00
891,5,Green Salanova Oakleaf,PNQ-GH3,2025-25,null,null,2025-04-28 00:00:00+00,2025-05-22 00:00:00+00,2025-06-16 00:00:00+00
895,9,Red Batavia,PNQ-GH3,2025-25,null,null,2025-04-21 00:00:00+00,2025-05-19 00:00:00+00,2025-06-16 00:00:00+00
899,8,Romaine,PNQ-GH3,2025-25,null,null,2025-04-28 00:00:00+00,2025-05-22 00:00:00+00,2025-06-16 00:00:00+00
905,42,Baby Romaine,PNQ-GH3,2025-26,null,null,2025-04-28 00:00:00+00,2025-05-26 00:00:00+00,2025-06-23 00:00:00+00
888,10,Green Batavia,PNQ-GH3,2025-26,null,null,2025-05-05 00:00:00+00,2025-05-29 00:00:00+00,2025-06-23 00:00:00+00
889,6,Green Salanova Butterhead,PNQ-GH3,2025-26,null,null,2025-05-05 00:00:00+00,2025-05-29 00:00:00+00,2025-06-23 00:00:00+00
891,5,Green Salanova Oakleaf,PNQ-GH3,2025-26,null,null,2025-05-05 00:00:00+00,2025-05-29 00:00:00+00,2025-06-23 00:00:00+00
895,9,Red Batavia,PNQ-GH3,2025-26,null,null,2025-04-28 00:00:00+00,2025-05-26 00:00:00+00,2025-06-23 00:00:00+00
899,8,Romaine,PNQ-GH3,2025-26,null,null,2025-05-05 00:00:00+00,2025-05-29 00:00:00+00,2025-06-23 00:00:00+00
905,42,Baby Romaine,PNQ-GH3,2025-27,null,null,2025-05-05 00:00:00+00,2025-06-02 00:00:00+00,2025-06-30 00:00:00+00
888,10,Green Batavia,PNQ-GH3,2025-27,null,null,2025-05-12 00:00:00+00,2025-06-05 00:00:00+00,2025-06-30 00:00:00+00
889,6,Green Salanova Butterhead,PNQ-GH3,2025-27,null,null,2025-05-12 00:00:00+00,2025-06-05 00:00:00+00,2025-06-30 00:00:00+00
891,5,Green Salanova Oakleaf,PNQ-GH3,2025-27,null,null,2025-05-12 00:00:00+00,2025-06-05 00:00:00+00,2025-06-30 00:00:00+00
895,9,Red Batavia,PNQ-GH3,2025-27,null,null,2025-05-05 00:00:00+00,2025-06-02 00:00:00+00,2025-06-30 00:00:00+00
899,8,Romaine,PNQ-GH3,2025-27,null,null,2025-05-12 00:00:00+00,2025-06-05 00:00:00+00,2025-06-30 00:00:00+00
905,42,Baby Romaine,PNQ-GH3,2025-28,null,null,2025-05-12 00:00:00+00,2025-06-09 00:00:00+00,2025-07-07 00:00:00+00
888,10,Green Batavia,PNQ-GH3,2025-28,null,null,2025-05-19 00:00:00+00,2025-06-12 00:00:00+00,2025-07-07 00:00:00+00
889,6,Green Salanova Butterhead,PNQ-GH3,2025-28,null,null,2025-05-19 00:00:00+00,2025-06-12 00:00:00+00,2025-07-07 00:00:00+00
891,5,Green Salanova Oakleaf,PNQ-GH3,2025-28,null,null,2025-05-19 00:00:00+00,2025-06-12 00:00:00+00,2025-07-07 00:00:00+00
895,9,Red Batavia,PNQ-GH3,2025-28,null,null,2025-05-12 00:00:00+00,2025-06-09 00:00:00+00,2025-07-07 00:00:00+00
899,8,Romaine,PNQ-GH3,2025-28,null,null,2025-05-19 00:00:00+00,2025-06-12 00:00:00+00,2025-07-07 00:00:00+00
905,42,Baby Romaine,PNQ-GH3,2025-29,null,null,2025-05-19 00:00:00+00,2025-06-16 00:00:00+00,2025-07-14 00:00:00+00
888,10,Green Batavia,PNQ-GH3,2025-29,null,null,2025-05-26 00:00:00+00,2025-06-19 00:00:00+00,2025-07-14 00:00:00+00
889,6,Green Salanova Butterhead,PNQ-GH3,2025-29,null,null,2025-05-26 00:00:00+00,2025-06-19 00:00:00+00,2025-07-14 00:00:00+00
891,5,Green Salanova Oakleaf,PNQ-GH3,2025-29,null,null,2025-05-26 00:00:00+00,2025-06-19 00:00:00+00,2025-07-14 00:00:00+00
895,9,Red Batavia,PNQ-GH3,2025-29,null,null,2025-05-19 00:00:00+00,2025-06-16 00:00:00+00,2025-07-14 00:00:00+00
899,8,Romaine,PNQ-GH3,2025-29,null,null,2025-05-26 00:00:00+00,2025-06-19 00:00:00+00,2025-07-14 00:00:00+00
905,42,Baby Romaine,PNQ-GH3,2025-30,null,null,2025-05-26 00:00:00+00,2025-06-23 00:00:00+00,2025-07-21 00:00:00+00
888,10,Green Batavia,PNQ-GH3,2025-30,null,null,2025-06-02 00:00:00+00,2025-06-26 00:00:00+00,2025-07-21 00:00:00+00
889,6,Green Salanova Butterhead,PNQ-GH3,2025-30,null,null,2025-06-02 00:00:00+00,2025-06-26 00:00:00+00,2025-07-21 00:00:00+00
891,5,Green Salanova Oakleaf,PNQ-GH3,2025-30,null,null,2025-06-02 00:00:00+00,2025-06-26 00:00:00+00,2025-07-21 00:00:00+00
895,9,Red Batavia,PNQ-GH3,2025-30,null,null,2025-05-26 00:00:00+00,2025-06-23 00:00:00+00,2025-07-21 00:00:00+00
899,8,Romaine,PNQ-GH3,2025-30,null,null,2025-06-02 00:00:00+00,2025-06-26 00:00:00+00,2025-07-21 00:00:00+00
905,42,Baby Romaine,PNQ-GH3,2025-31,null,null,2025-06-02 00:00:00+00,2025-06-30 00:00:00+00,2025-07-28 00:00:00+00
888,10,Green Batavia,PNQ-GH3,2025-31,null,null,2025-06-09 00:00:00+00,2025-07-03 00:00:00+00,2025-07-28 00:00:00+00
889,6,Green Salanova Butterhead,PNQ-GH3,2025-31,null,null,2025-06-09 00:00:00+00,2025-07-03 00:00:00+00,2025-07-28 00:00:00+00
891,5,Green Salanova Oakleaf,PNQ-GH3,2025-31,null,null,2025-06-09 00:00:00+00,2025-07-03 00:00:00+00,2025-07-28 00:00:00+00
895,9,Red Batavia,PNQ-GH3,2025-31,null,null,2025-06-02 00:00:00+00,2025-06-30 00:00:00+00,2025-07-28 00:00:00+00
899,8,Romaine,PNQ-GH3,2025-31,null,null,2025-06-09 00:00:00+00,2025-07-03 00:00:00+00,2025-07-28 00:00:00+00
905,42,Baby Romaine,PNQ-GH3,2025-32,null,null,2025-06-09 00:00:00+00,2025-07-07 00:00:00+00,2025-08-04 00:00:00+00
895,9,Red Batavia,PNQ-GH3,2025-32,null,null,2025-06-09 00:00:00+00,2025-07-07 00:00:00+00,2025-08-04 00:00:00+00
896,2,Red Salanova Butterhead,PNQ-GH4,2025-08,null,null,2024-12-30 00:00:00+00,2025-01-23 00:00:00+00,2025-02-17 00:00:00+00
898,1,Red Salanova Oakleaf,PNQ-GH4,2025-08,null,null,2024-12-30 00:00:00+00,2025-01-23 00:00:00+00,2025-02-17 00:00:00+00
896,2,Red Salanova Butterhead,PNQ-GH4,2025-09,null,null,2025-01-06 00:00:00+00,2025-01-30 00:00:00+00,2025-02-24 00:00:00+00
897,3,Red Salanova Frisee,PNQ-GH4,2025-09,null,null,2024-12-30 00:00:00+00,2025-01-27 00:00:00+00,2025-02-24 00:00:00+00
898,1,Red Salanova Oakleaf,PNQ-GH4,2025-09,null,null,2025-01-06 00:00:00+00,2025-01-30 00:00:00+00,2025-02-24 00:00:00+00
896,2,Red Salanova Butterhead,PNQ-GH4,2025-10,80.2,896,2025-01-13 00:00:00+00,2025-02-06 00:00:00+00,2025-03-03 00:00:00+00
897,3,Red Salanova Frisee,PNQ-GH4,2025-10,87.6,760,2025-01-06 00:00:00+00,2025-02-03 00:00:00+00,2025-03-03 00:00:00+00
898,1,Red Salanova Oakleaf,PNQ-GH4,2025-10,84.2,1120,2025-01-13 00:00:00+00,2025-02-06 00:00:00+00,2025-03-03 00:00:00+00
896,2,Red Salanova Butterhead,PNQ-GH4,2025-11,83.3,928,2025-01-20 00:00:00+00,2025-02-13 00:00:00+00,2025-03-10 00:00:00+00
897,3,Red Salanova Frisee,PNQ-GH4,2025-11,82.3,768,2025-01-13 00:00:00+00,2025-02-10 00:00:00+00,2025-03-10 00:00:00+00
898,1,Red Salanova Oakleaf,PNQ-GH4,2025-11,97.6,1152,2025-01-20 00:00:00+00,2025-02-13 00:00:00+00,2025-03-10 00:00:00+00
896,2,Red Salanova Butterhead,PNQ-GH4,2025-12,67.9,912,2025-01-27 00:00:00+00,2025-02-20 00:00:00+00,2025-03-17 00:00:00+00
897,3,Red Salanova Frisee,PNQ-GH4,2025-12,88.7,764,2025-01-20 00:00:00+00,2025-02-17 00:00:00+00,2025-03-17 00:00:00+00
898,1,Red Salanova Oakleaf,PNQ-GH4,2025-12,112.1,1118,2025-01-27 00:00:00+00,2025-02-20 00:00:00+00,2025-03-17 00:00:00+00
896,2,Red Salanova Butterhead,PNQ-GH4,2025-13,69.8,960,2025-02-03 00:00:00+00,2025-02-27 00:00:00+00,2025-03-24 00:00:00+00
897,3,Red Salanova Frisee,PNQ-GH4,2025-13,80.7,800,2025-01-27 00:00:00+00,2025-02-24 00:00:00+00,2025-03-24 00:00:00+00
898,1,Red Salanova Oakleaf,PNQ-GH4,2025-13,89.5,1632,2025-02-03 00:00:00+00,2025-02-27 00:00:00+00,2025-03-24 00:00:00+00
896,2,Red Salanova Butterhead,PNQ-GH4,2025-14,84.8,896,2025-02-10 00:00:00+00,2025-03-06 00:00:00+00,2025-03-31 00:00:00+00
897,3,Red Salanova Frisee,PNQ-GH4,2025-14,85.8,736,2025-02-03 00:00:00+00,2025-03-03 00:00:00+00,2025-03-31 00:00:00+00
898,1,Red Salanova Oakleaf,PNQ-GH4,2025-14,97.8,1088,2025-02-10 00:00:00+00,2025-03-06 00:00:00+00,2025-03-31 00:00:00+00
896,2,Red Salanova Butterhead,PNQ-GH4,2025-15,75.1,922,2025-02-17 00:00:00+00,2025-03-13 00:00:00+00,2025-04-07 00:00:00+00
897,3,Red Salanova Frisee,PNQ-GH4,2025-15,73.4,848,2025-02-10 00:00:00+00,2025-03-10 00:00:00+00,2025-04-07 00:00:00+00
898,1,Red Salanova Oakleaf,PNQ-GH4,2025-15,105.5,1155,2025-02-17 00:00:00+00,2025-03-13 00:00:00+00,2025-04-07 00:00:00+00
896,2,Red Salanova Butterhead,PNQ-GH4,2025-16,38.9,522,2025-02-24 00:00:00+00,2025-03-20 00:00:00+00,2025-04-14 00:00:00+00
897,3,Red Salanova Frisee,PNQ-GH4,2025-16,41.3,448,2025-02-17 00:00:00+00,2025-03-17 00:00:00+00,2025-04-14 00:00:00+00
898,1,Red Salanova Oakleaf,PNQ-GH4,2025-16,47.6,640,2025-02-24 00:00:00+00,2025-03-20 00:00:00+00,2025-04-14 00:00:00+00
896,2,Red Salanova Butterhead,PNQ-GH4,2025-17,71.9,480,2025-03-03 00:00:00+00,2025-03-27 00:00:00+00,2025-04-21 00:00:00+00
897,3,Red Salanova Frisee,PNQ-GH4,2025-17,58.2,736,2025-02-24 00:00:00+00,2025-03-24 00:00:00+00,2025-04-21 00:00:00+00
898,1,Red Salanova Oakleaf,PNQ-GH4,2025-17,94.3,1120,2025-03-03 00:00:00+00,2025-03-27 00:00:00+00,2025-04-21 00:00:00+00
896,2,Red Salanova Butterhead,PNQ-GH4,2025-18,80.1,912,2025-03-10 00:00:00+00,2025-04-03 00:00:00+00,2025-04-28 00:00:00+00
897,3,Red Salanova Frisee,PNQ-GH4,2025-18,66.2,800,2025-03-03 00:00:00+00,2025-03-31 00:00:00+00,2025-04-28 00:00:00+00
898,1,Red Salanova Oakleaf,PNQ-GH4,2025-18,85.5,1152,2025-03-10 00:00:00+00,2025-04-03 00:00:00+00,2025-04-28 00:00:00+00
896,2,Red Salanova Butterhead,PNQ-GH4,2025-19,53.9,887,2025-03-17 00:00:00+00,2025-04-10 00:00:00+00,2025-05-05 00:00:00+00
897,3,Red Salanova Frisee,PNQ-GH4,2025-19,54.9,747,2025-03-10 00:00:00+00,2025-04-07 00:00:00+00,2025-05-05 00:00:00+00
898,1,Red Salanova Oakleaf,PNQ-GH4,2025-19,72.6,622,2025-03-17 00:00:00+00,2025-04-10 00:00:00+00,2025-05-05 00:00:00+00
896,2,Red Salanova Butterhead,PNQ-GH4,2025-20,50.3,896,2025-03-24 00:00:00+00,2025-04-17 00:00:00+00,2025-05-12 00:00:00+00
897,3,Red Salanova Frisee,PNQ-GH4,2025-20,46.1,774,2025-03-17 00:00:00+00,2025-04-14 00:00:00+00,2025-05-12 00:00:00+00
898,1,Red Salanova Oakleaf,PNQ-GH4,2025-20,68.1,1159,2025-03-24 00:00:00+00,2025-04-17 00:00:00+00,2025-05-12 00:00:00+00
896,2,Red Salanova Butterhead,PNQ-GH4,2025-21,68.6,923,2025-03-31 00:00:00+00,2025-04-24 00:00:00+00,2025-05-19 00:00:00+00
897,3,Red Salanova Frisee,PNQ-GH4,2025-21,48.4,755,2025-03-24 00:00:00+00,2025-04-21 00:00:00+00,2025-05-19 00:00:00+00
898,1,Red Salanova Oakleaf,PNQ-GH4,2025-21,66.5,1131,2025-03-31 00:00:00+00,2025-04-24 00:00:00+00,2025-05-19 00:00:00+00
896,2,Red Salanova Butterhead,PNQ-GH4,2025-22,77.7,913,2025-04-07 00:00:00+00,2025-05-01 00:00:00+00,2025-05-26 00:00:00+00
897,3,Red Salanova Frisee,PNQ-GH4,2025-22,64.1,753,2025-03-31 00:00:00+00,2025-04-28 00:00:00+00,2025-05-26 00:00:00+00
898,1,Red Salanova Oakleaf,PNQ-GH4,2025-22,78.2,1137,2025-04-07 00:00:00+00,2025-05-01 00:00:00+00,2025-05-26 00:00:00+00
896,2,Red Salanova Butterhead,PNQ-GH4,2025-23,null,null,2025-04-14 00:00:00+00,2025-05-08 00:00:00+00,2025-06-02 00:00:00+00
897,3,Red Salanova Frisee,PNQ-GH4,2025-23,null,null,2025-04-07 00:00:00+00,2025-05-05 00:00:00+00,2025-06-02 00:00:00+00
898,1,Red Salanova Oakleaf,PNQ-GH4,2025-23,null,null,2025-04-14 00:00:00+00,2025-05-08 00:00:00+00,2025-06-02 00:00:00+00
896,2,Red Salanova Butterhead,PNQ-GH4,2025-24,null,null,2025-04-21 00:00:00+00,2025-05-15 00:00:00+00,2025-06-09 00:00:00+00
897,3,Red Salanova Frisee,PNQ-GH4,2025-24,null,null,2025-04-14 00:00:00+00,2025-05-12 00:00:00+00,2025-06-09 00:00:00+00
898,1,Red Salanova Oakleaf,PNQ-GH4,2025-24,null,null,2025-04-21 00:00:00+00,2025-05-15 00:00:00+00,2025-06-09 00:00:00+00
896,2,Red Salanova Butterhead,PNQ-GH4,2025-25,null,null,2025-04-28 00:00:00+00,2025-05-22 00:00:00+00,2025-06-16 00:00:00+00
897,3,Red Salanova Frisee,PNQ-GH4,2025-25,null,null,2025-04-21 00:00:00+00,2025-05-19 00:00:00+00,2025-06-16 00:00:00+00
898,1,Red Salanova Oakleaf,PNQ-GH4,2025-25,null,null,2025-04-28 00:00:00+00,2025-05-22 00:00:00+00,2025-06-16 00:00:00+00
896,2,Red Salanova Butterhead,PNQ-GH4,2025-26,null,null,2025-05-05 00:00:00+00,2025-05-29 00:00:00+00,2025-06-23 00:00:00+00
897,3,Red Salanova Frisee,PNQ-GH4,2025-26,null,null,2025-04-28 00:00:00+00,2025-05-26 00:00:00+00,2025-06-23 00:00:00+00
898,1,Red Salanova Oakleaf,PNQ-GH4,2025-26,null,null,2025-05-05 00:00:00+00,2025-05-29 00:00:00+00,2025-06-23 00:00:00+00
896,2,Red Salanova Butterhead,PNQ-GH4,2025-27,null,null,2025-05-12 00:00:00+00,2025-06-05 00:00:00+00,2025-06-30 00:00:00+00
897,3,Red Salanova Frisee,PNQ-GH4,2025-27,null,null,2025-05-05 00:00:00+00,2025-06-02 00:00:00+00,2025-06-30 00:00:00+00
898,1,Red Salanova Oakleaf,PNQ-GH4,2025-27,null,null,2025-05-12 00:00:00+00,2025-06-05 00:00:00+00,2025-06-30 00:00:00+00
896,2,Red Salanova Butterhead,PNQ-GH4,2025-28,null,null,2025-05-19 00:00:00+00,2025-06-12 00:00:00+00,2025-07-07 00:00:00+00
897,3,Red Salanova Frisee,PNQ-GH4,2025-28,null,null,2025-05-12 00:00:00+00,2025-06-09 00:00:00+00,2025-07-07 00:00:00+00
898,1,Red Salanova Oakleaf,PNQ-GH4,2025-28,95,750,2025-05-19 00:00:00+00,2025-06-12 00:00:00+00,2025-07-07 00:00:00+00
896,2,Red Salanova Butterhead,PNQ-GH4,2025-29,null,null,2025-05-26 00:00:00+00,2025-06-19 00:00:00+00,2025-07-14 00:00:00+00
897,3,Red Salanova Frisee,PNQ-GH4,2025-29,63,640,2025-05-19 00:00:00+00,2025-06-16 00:00:00+00,2025-07-14 00:00:00+00
898,1,Red Salanova Oakleaf,PNQ-GH4,2025-29,null,null,2025-05-26 00:00:00+00,2025-06-19 00:00:00+00,2025-07-14 00:00:00+00
896,2,Red Salanova Butterhead,PNQ-GH4,2025-30,null,null,2025-06-02 00:00:00+00,2025-06-26 00:00:00+00,2025-07-21 00:00:00+00
897,3,Red Salanova Frisee,PNQ-GH4,2025-30,null,null,2025-05-26 00:00:00+00,2025-06-23 00:00:00+00,2025-07-21 00:00:00+00
898,1,Red Salanova Oakleaf,PNQ-GH4,2025-30,null,null,2025-06-02 00:00:00+00,2025-06-26 00:00:00+00,2025-07-21 00:00:00+00
896,2,Red Salanova Butterhead,PNQ-GH4,2025-31,73,630,2025-06-09 00:00:00+00,2025-07-03 00:00:00+00,2025-07-28 00:00:00+00
897,3,Red Salanova Frisee,PNQ-GH4,2025-31,null,null,2025-06-02 00:00:00+00,2025-06-30 00:00:00+00,2025-07-28 00:00:00+00
898,1,Red Salanova Oakleaf,PNQ-GH4,2025-31,null,null,2025-06-09 00:00:00+00,2025-07-03 00:00:00+00,2025-07-28 00:00:00+00
897,3,Red Salanova Frisee,PNQ-GH4,2025-32,null,null,2025-06-09 00:00:00+00,2025-07-07 00:00:00+00,2025-08-04 00:00:00+00