resource_tag,crop_name,harvest_week_num,week_label,b2b_b_target_revenue,hotel_b_target_revenue,b2b_b_harvest_revenue,hotel_b_harvest_revenue,target_kg,kg_harvested,pct_of_target_kg,target_unit_g,harvest_unit_g,pct_of_target_unit_g,current_week
GH1,Arugula,2025-10,Mar-03 w10,64000,76800,2300,2760,128,4.6,-96.41,29,1.24,-95.72,2025-26
GH1,Arugula,2025-11,Mar-10 w11,64000,76800,1650,1980,128,3.3,-97.42,29,1.11,-96.17,2025-26
GH1,Arugula,2025-12,Mar-17 w12,64000,76800,3400,4080,128,6.8,-94.69,29,2.15,-92.59,2025-26
GH1,Arugula,2025-13,Mar-24 w13,64000,76800,23950,28740,128,47.9,-62.58,29,10.30,-64.48,2025-26
GH1,Arugula,2025-14,Mar-31 w14,64000,76800,27300,32760,128,54.6,-57.34,29,10.87,-62.52,2025-26
GH1,Arugula,2025-15,Apr-07 w15,64000,76800,9100,10920,128,18.2,-85.78,29,3.69,-87.28,2025-26
GH1,Arugula,2025-16,Apr-14 w16,64000,76800,2550,3060,128,5.1,-96.02,29,2.28,-92.14,2025-26
GH1,Arugula,2025-17,Apr-21 w17,64000,76800,4500,5400,128,9,-92.97,29,1.90,-93.45,2025-26
GH1,Arugula,2025-18,Apr-28 w18,64000,76800,4850,5820,128,9.7,-92.42,29,2.17,-92.52,2025-26
GH1,Arugula,2025-19,May-05 w19,64000,76800,4900,5880,128,9.8,-92.34,29,2.01,-93.07,2025-26
GH1,Arugula,2025-20,May-12 w20,64000,76800,7500,9000,128,15,-88.28,29,3.10,-89.31,2025-26
GH1,Arugula,2025-21,May-19 w21,64000,76800,10000,12000,128,20,-84.38,29,4.14,-85.72,2025-26
GH1,Arugula,2025-22,May-26 w22,64000,76800,6600,7920,128,13.2,-89.69,29,2.63,-90.93,2025-26
GH3,Baby Romaine,2025-10,Mar-03 w10,8550,8550,11925,11925,19,26.5,39.47,124,138.02,11.31,2025-26
GH3,Baby Romaine,2025-11,Mar-10 w11,8550,8550,13680,13680,19,30.4,60.00,124,158.33,27.69,2025-26
GH3,Baby Romaine,2025-12,Mar-17 w12,8550,8550,15390,15390,19,34.2,80.00,124,164.42,32.60,2025-26
GH3,Baby Romaine,2025-13,Mar-24 w13,8550,8550,10800,10800,19,24,26.32,124,107.14,-13.60,2025-26
GH3,Baby Romaine,2025-14,Mar-31 w14,8550,8550,9765,9765,19,21.7,14.21,124,107.43,-13.36,2025-26
GH3,Baby Romaine,2025-15,Apr-07 w15,8550,8550,12825,12825,19,28.5,50.00,124,135.07,8.93,2025-26
GH3,Baby Romaine,2025-16,Apr-14 w16,8550,8550,7605,7605,19,16.9,-11.05,124,104.97,-15.35,2025-26
GH3,Baby Romaine,2025-17,Apr-21 w17,8550,8550,8595,8595,19,19.1,0.53,124,99.48,-19.77,2025-26
GH3,Baby Romaine,2025-18,Apr-28 w18,8550,8550,3645,3645,19,8.1,-57.37,124,84.38,-31.95,2025-26
GH3,Baby Romaine,2025-19,May-05 w19,8550,8550,7380,7380,19,16.4,-13.68,124,85.42,-31.11,2025-26
GH3,Baby Romaine,2025-20,May-12 w20,8550,8550,4095,4095,19,9.1,-52.11,124,51.70,-58.31,2025-26
GH3,Baby Romaine,2025-21,May-19 w21,8550,8550,5130,5130,19,11.4,-40.00,124,79.17,-36.15,2025-26
GH3,Baby Romaine,2025-22,May-26 w22,8550,8550,9630,9630,19,21.4,12.63,124,119.55,-3.59,2025-26
GH2,Basil,2025-10,Mar-03 w10,78570,78570,49977,49977,97,61.7,-36.39,52,36.86,-29.12,2025-26
GH2,Basil,2025-11,Mar-10 w11,78570,78570,75654,75654,97,93.4,-3.71,52,35.87,-31.02,2025-26
GH2,Basil,2025-12,Mar-17 w12,78570,78570,46656,46656,97,57.6,-40.62,52,39.67,-23.71,2025-26
GH2,Basil,2025-13,Mar-24 w13,78570,78570,42930,42930,97,53,-45.36,52,29.99,-42.33,2025-26
GH2,Basil,2025-14,Mar-31 w14,78570,78570,45684,45684,97,56.4,-41.86,52,38.71,-25.56,2025-26
GH2,Basil,2025-15,Apr-07 w15,78570,78570,77031,77031,97,95.1,-1.96,52,43.19,-16.94,2025-26
GH2,Basil,2025-16,Apr-14 w16,78570,78570,35397,35397,97,43.7,-54.95,52,46.64,-10.31,2025-26
GH2,Basil,2025-17,Apr-21 w17,78570,78570,84888,84888,97,104.8,8.04,52,51.22,-1.50,2025-26
GH2,Basil,2025-18,Apr-28 w18,78570,78570,96147,96147,97,118.7,22.37,52,40.17,-22.75,2025-26
GH2,Basil,2025-19,May-05 w19,78570,78570,78732,78732,97,97.2,0.21,52,38.71,-25.56,2025-26
GH2,Basil,2025-20,May-12 w20,78570,78570,89181,89181,97,110.1,13.51,52,43.31,-16.71,2025-26
GH2,Basil,2025-21,May-19 w21,78570,78570,71685,71685,97,88.5,-8.76,52,36.14,-30.50,2025-26
GH2,Basil,2025-22,May-26 w22,78570,78570,47790,47790,97,59,-39.18,52,29.06,-44.12,2025-26
GH3,Green Batavia,2025-10,Mar-03 w10,17500,19500,6090,6786,50,17.4,-65.20,162,137.01,-15.43,2025-26
GH3,Green Batavia,2025-11,Mar-10 w11,17500,19500,14735,16419,50,42.1,-15.80,162,123.10,-24.01,2025-26
GH3,Green Batavia,2025-12,Mar-17 w12,17500,19500,13930,15522,50,39.8,-20.40,162,113.07,-30.20,2025-26
GH3,Green Batavia,2025-13,Mar-24 w13,17500,19500,12705,14157,50,36.3,-27.40,162,103.12,-36.35,2025-26
GH3,Green Batavia,2025-14,Mar-31 w14,17500,19500,15155,16887,50,43.3,-13.40,162,123.01,-24.07,2025-26
GH3,Green Batavia,2025-15,Apr-07 w15,17500,19500,16800,18720,50,48,-4.00,162,136.36,-15.83,2025-26
GH3,Green Batavia,2025-16,Apr-14 w16,17500,19500,9030,10062,50,25.8,-48.40,162,146.59,-9.51,2025-26
GH3,Green Batavia,2025-17,Apr-21 w17,17500,19500,15750,17550,50,45,-10.00,162,112.50,-30.56,2025-26
GH3,Green Batavia,2025-18,Apr-28 w18,17500,19500,8855,9867,50,25.3,-49.40,162,93.01,-42.59,2025-26
GH3,Green Batavia,2025-19,May-05 w19,17500,19500,11270,12558,50,32.2,-35.60,162,95.83,-40.85,2025-26
GH3,Green Batavia,2025-20,May-12 w20,17500,19500,6020,6708,50,17.2,-65.60,162,48.86,-69.84,2025-26
GH3,Green Batavia,2025-21,May-19 w21,17500,19500,6055,6747,50,17.3,-65.40,162,98.30,-39.32,2025-26
GH3,Green Batavia,2025-22,May-26 w22,17500,19500,14245,15873,50,40.7,-18.60,162,114.97,-29.03,2025-26
GH3,Green Salanova Butterhead,2025-10,Mar-03 w10,31500,35100,36890,41106,90,105.4,17.11,133,102.33,-23.06,2025-26
GH3,Green Salanova Butterhead,2025-11,Mar-10 w11,31500,35100,35735,39819,90,102.1,13.44,133,132.94,-0.05,2025-26
GH3,Green Salanova Butterhead,2025-12,Mar-17 w12,31500,35100,36155,40287,90,103.3,14.78,133,129.13,-2.91,2025-26
GH3,Green Salanova Butterhead,2025-13,Mar-24 w13,31500,35100,30555,34047,90,87.3,-3.00,133,116.09,-12.71,2025-26
GH3,Green Salanova Butterhead,2025-14,Mar-31 w14,31500,35100,36890,41106,90,105.4,17.11,133,137.24,3.19,2025-26
GH3,Green Salanova Butterhead,2025-15,Apr-07 w15,31500,35100,35175,39195,90,100.5,11.67,133,130.35,-1.99,2025-26
GH3,Green Salanova Butterhead,2025-16,Apr-14 w16,31500,35100,29470,32838,90,84.2,-6.44,133,110.07,-17.24,2025-26
GH3,Green Salanova Butterhead,2025-17,Apr-21 w17,31500,35100,30905,34437,90,88.3,-1.89,133,114.97,-13.56,2025-26
GH3,Green Salanova Butterhead,2025-18,Apr-28 w18,31500,35100,20685,23049,90,59.1,-34.33,133,76.46,-42.51,2025-26
GH3,Green Salanova Butterhead,2025-19,May-05 w19,31500,35100,23520,26208,90,67.2,-25.33,133,90.81,-31.72,2025-26
GH3,Green Salanova Butterhead,2025-20,May-12 w20,31500,35100,21805,24297,90,62.3,-30.78,133,77.87,-41.45,2025-26
GH3,Green Salanova Butterhead,2025-21,May-19 w21,31500,35100,28735,32019,90,82.1,-8.78,133,111.55,-16.13,2025-26
GH3,Green Salanova Butterhead,2025-22,May-26 w22,31500,35100,33705,37557,90,96.3,7.00,133,125.39,-5.72,2025-26
GH2,Green Salanova Frisee,2025-10,Mar-03 w10,30450,33930,27510,30654,87,78.6,-9.66,152,119.27,-21.53,2025-26
GH2,Green Salanova Frisee,2025-11,Mar-10 w11,30450,33930,28210,31434,87,80.6,-7.36,152,119.94,-21.09,2025-26
GH2,Green Salanova Frisee,2025-12,Mar-17 w12,30450,33930,24115,26871,87,68.9,-20.80,152,105.03,-30.90,2025-26
GH2,Green Salanova Frisee,2025-13,Mar-24 w13,30450,33930,17885,19929,87,51.1,-41.26,152,76.04,-49.97,2025-26
GH2,Green Salanova Frisee,2025-14,Mar-31 w14,30450,33930,20160,22464,87,57.6,-33.79,152,90.00,-40.79,2025-26
GH2,Green Salanova Frisee,2025-15,Apr-07 w15,30450,33930,24185,26949,87,69.1,-20.57,152,100.44,-33.92,2025-26
GH2,Green Salanova Frisee,2025-16,Apr-14 w16,30450,33930,19425,21645,87,55.5,-36.21,152,95.85,-36.94,2025-26
GH2,Green Salanova Frisee,2025-17,Apr-21 w17,30450,33930,7560,8424,87,21.6,-75.17,152,52.17,-65.68,2025-26
GH2,Green Salanova Frisee,2025-18,Apr-28 w18,30450,33930,17535,19539,87,50.1,-42.41,152,78.28,-48.50,2025-26
GH2,Green Salanova Frisee,2025-19,May-05 w19,30450,33930,18375,20475,87,52.5,-39.66,152,74.57,-50.94,2025-26
GH2,Green Salanova Frisee,2025-20,May-12 w20,30450,33930,17605,19617,87,50.3,-42.18,152,76.68,-49.55,2025-26
GH2,Green Salanova Frisee,2025-21,May-19 w21,30450,33930,16730,18642,87,47.8,-45.06,152,73.65,-51.55,2025-26
GH2,Green Salanova Frisee,2025-22,May-26 w22,30450,33930,15680,17472,87,44.8,-48.51,152,67.67,-55.48,2025-26
GH3,Green Salanova Oakleaf,2025-10,Mar-03 w10,38150,42510,40110,44694,109,114.6,5.14,143,128.91,-9.85,2025-26
GH3,Green Salanova Oakleaf,2025-11,Mar-10 w11,38150,42510,36435,40599,109,104.1,-4.50,143,120.49,-15.74,2025-26
GH3,Green Salanova Oakleaf,2025-12,Mar-17 w12,38150,42510,41125,45825,109,117.5,7.80,143,131.14,-8.29,2025-26
GH3,Green Salanova Oakleaf,2025-13,Mar-24 w13,38150,42510,33915,37791,109,96.9,-11.10,143,112.15,-21.57,2025-26
GH3,Green Salanova Oakleaf,2025-14,Mar-31 w14,38150,42510,43785,48789,109,125.1,14.77,143,144.79,1.25,2025-26
GH3,Green Salanova Oakleaf,2025-15,Apr-07 w15,38150,42510,45115,50271,109,128.9,18.26,143,149.19,4.33,2025-26
GH3,Green Salanova Oakleaf,2025-16,Apr-14 w16,38150,42510,35385,39429,109,101.1,-7.25,143,116.88,-18.27,2025-26
GH3,Green Salanova Oakleaf,2025-17,Apr-21 w17,38150,42510,35070,39078,109,100.2,-8.07,143,115.97,-18.90,2025-26
GH3,Green Salanova Oakleaf,2025-18,Apr-28 w18,38150,42510,30975,34515,109,88.5,-18.81,143,102.67,-28.20,2025-26
GH3,Green Salanova Oakleaf,2025-19,May-05 w19,38150,42510,27860,31044,109,79.6,-26.97,143,99.75,-30.24,2025-26
GH3,Green Salanova Oakleaf,2025-20,May-12 w20,38150,42510,22085,24609,109,63.1,-42.11,143,79.07,-44.71,2025-26
GH3,Green Salanova Oakleaf,2025-21,May-19 w21,38150,42510,29855,33267,109,85.3,-21.74,143,98.73,-30.96,2025-26
GH3,Green Salanova Oakleaf,2025-22,May-26 w22,38150,42510,37415,41691,109,106.9,-1.93,143,121.34,-15.15,2025-26
GH2,Kale,2025-10,Mar-03 w10,32400,35550,19800,21725,45,27.5,-38.89,33,18.48,-44.00,2025-26
GH2,Kale,2025-11,Mar-10 w11,32400,35550,24192,26544,45,33.6,-25.33,33,22.58,-31.58,2025-26
GH2,Kale,2025-12,Mar-17 w12,32400,35550,10584,11613,45,14.7,-67.33,33,11.29,-65.79,2025-26
GH2,Kale,2025-13,Mar-24 w13,32400,35550,9432,10349,45,13.1,-70.89,33,8.80,-73.33,2025-26
GH2,Kale,2025-14,Mar-31 w14,32400,35550,11592,12719,45,16.1,-64.22,33,10.82,-67.21,2025-26
GH2,Kale,2025-15,Apr-07 w15,32400,35550,13752,15089,45,19.1,-57.56,33,12.57,-61.91,2025-26
GH2,Kale,2025-16,Apr-14 w16,32400,35550,10800,11850,45,15,-66.67,33,12.35,-62.58,2025-26
GH2,Kale,2025-17,Apr-21 w17,32400,35550,5256,5767,45,7.3,-83.78,33,10.70,-67.58,2025-26
GH2,Kale,2025-18,Apr-28 w18,32400,35550,7560,8295,45,10.5,-76.67,33,21.26,-35.58,2025-26
GH2,Kale,2025-19,May-05 w19,32400,35550,10944,12008,45,15.2,-66.22,33,12.26,-62.85,2025-26
GH2,Kale,2025-20,May-12 w20,32400,35550,8712,9559,45,12.1,-73.11,33,7.97,-75.85,2025-26
GH2,Kale,2025-21,May-19 w21,32400,35550,12312,13509,45,17.1,-62.00,33,14.52,-56.00,2025-26
GH2,Kale,2025-22,May-26 w22,32400,35550,4248,4661,45,5.9,-86.89,33,10.57,-67.97,2025-26
GH2,Kale,2025-29,Jul-14 w29,32400,35550,27360,30020,45,38,-15.56,33,59.56,80.48,2025-26
GH2,Mint,2025-10,Mar-03 w10,4860,5400,2916,3240,6,3.6,-40.00,29,12.90,-55.52,2025-26
GH2,Mint,2025-11,Mar-10 w11,4860,5400,3726,4140,6,4.6,-23.33,29,19.74,-31.93,2025-26
GH2,Mint,2025-12,Mar-17 w12,4860,5400,4779,5310,6,5.9,-1.67,29,21.15,-27.07,2025-26
GH2,Mint,2025-13,Mar-24 w13,4860,5400,243,270,6,0.3,-95.00,29,30.00,3.45,2025-26
GH2,Mint,2025-14,Mar-31 w14,4860,5400,2349,2610,6,2.9,-51.67,29,11.69,-59.69,2025-26
GH2,Mint,2025-15,Apr-07 w15,4860,5400,3564,3960,6,4.4,-26.67,29,19.13,-34.03,2025-26
GH2,Mint,2025-16,Apr-14 w16,4860,5400,1620,1800,6,2,-66.67,29,21.51,-25.83,2025-26
GH2,Mint,2025-17,Apr-21 w17,4860,5400,3969,4410,6,4.9,-18.33,29,16.84,-41.93,2025-26
GH2,Mint,2025-18,Apr-28 w18,4860,5400,4131,4590,6,5.1,-15.00,29,23.50,-18.97,2025-26
GH2,Mint,2025-19,May-05 w19,4860,5400,3564,3960,6,4.4,-26.67,29,17.74,-38.83,2025-26
GH2,Mint,2025-20,May-12 w20,4860,5400,405,450,6,0.5,-91.67,29,5.38,-81.45,2025-26
GH2,Mint,2025-21,May-19 w21,4860,5400,3726,4140,6,4.6,-23.33,29,12.37,-57.34,2025-26
GH2,Parsley,2025-10,Mar-06 w10,17820,19800,13041,14490,22,16.1,-26.82,38,51.94,36.68,2025-26
GH2,Parsley,2025-11,Mar-13 w11,17820,19800,17577,19530,22,21.7,-1.36,38,36.84,-3.05,2025-26
GH2,Parsley,2025-12,Mar-20 w12,17820,19800,10206,11340,22,12.6,-42.73,38,33.87,-10.87,2025-26
GH2,Parsley,2025-13,Mar-27 w13,17820,19800,8667,9630,22,10.7,-51.36,38,43.15,13.55,2025-26
GH2,Parsley,2025-14,Apr-03 w14,17820,19800,7290,8100,22,9,-59.09,38,24.46,-35.63,2025-26
GH2,Parsley,2025-15,Apr-10 w15,17820,19800,7857,8730,22,9.7,-55.91,38,14.12,-62.84,2025-26
GH2,Parsley,2025-16,Apr-17 w16,17820,19800,3483,3870,22,4.3,-80.45,38,13.87,-63.50,2025-26
GH2,Parsley,2025-17,Apr-24 w17,17820,19800,5913,6570,22,7.3,-66.82,38,14.72,-61.26,2025-26
GH2,Parsley,2025-18,May-01 w18,17820,19800,3645,4050,22,4.5,-79.55,38,11.72,-69.16,2025-26
GH2,Parsley,2025-19,May-08 w19,17820,19800,2430,2700,22,3,-86.36,38,2.62,-93.11,2025-26
GH2,Parsley,2025-20,May-15 w20,17820,19800,1134,1260,22,1.4,-93.64,38,3.01,-92.08,2025-26
GH2,Parsley,2025-21,May-22 w21,17820,19800,729,810,22,0.9,-95.91,38,2.42,-93.63,2025-26
GH3,Red Batavia,2025-10,Mar-03 w10,10500,10920,7725,8034,28,20.6,-26.43,114,78.33,-31.29,2025-26
GH3,Red Batavia,2025-11,Mar-10 w11,10500,10920,8550,8892,28,22.8,-18.57,114,83.82,-26.47,2025-26
GH3,Red Batavia,2025-12,Mar-17 w12,10500,10920,6862,7137,28,18.3,-34.64,114,62.89,-44.83,2025-26
GH3,Red Batavia,2025-13,Mar-24 w13,10500,10920,7200,7488,28,19.2,-31.43,114,70.59,-38.08,2025-26
GH3,Red Batavia,2025-14,Mar-31 w14,10500,10920,8175,8502,28,21.8,-22.14,114,80.15,-29.69,2025-26
GH3,Red Batavia,2025-15,Apr-07 w15,10500,10920,7950,8268,28,21.2,-24.29,114,69.74,-38.82,2025-26
GH3,Red Batavia,2025-16,Apr-14 w16,10500,10920,4012,4173,28,10.7,-61.79,114,51.44,-54.88,2025-26
GH3,Red Batavia,2025-17,Apr-21 w17,10500,10920,6300,6552,28,16.8,-40.00,114,52.50,-53.95,2025-26
GH3,Red Batavia,2025-18,Apr-28 w18,10500,10920,4462,4641,28,11.9,-57.50,114,39.14,-65.67,2025-26
GH3,Red Batavia,2025-19,May-05 w19,10500,10920,4462,4641,28,11.9,-57.50,114,41.32,-63.75,2025-26
GH3,Red Batavia,2025-20,May-12 w20,10500,10920,3525,3666,28,9.4,-66.43,114,32.64,-71.37,2025-26
GH3,Red Batavia,2025-21,May-19 w21,10500,10920,2775,2886,28,7.4,-73.57,114,51.39,-54.92,2025-26
GH3,Red Batavia,2025-22,May-26 w22,10500,10920,6638,6903,28,17.7,-36.79,114,47.97,-57.92,2025-26
GH4,Red Salanova Butterhead,2025-10,Mar-03 w10,33000,34320,30075,31278,88,80.2,-8.86,109,89.51,-17.88,2025-26
GH4,Red Salanova Butterhead,2025-11,Mar-10 w11,33000,34320,31238,32487,88,83.3,-5.34,109,89.76,-17.65,2025-26
GH4,Red Salanova Butterhead,2025-12,Mar-17 w12,33000,34320,25463,26481,88,67.9,-22.84,109,74.45,-31.70,2025-26
GH4,Red Salanova Butterhead,2025-13,Mar-24 w13,33000,34320,26175,27222,88,69.8,-20.68,109,72.71,-33.29,2025-26
GH4,Red Salanova Butterhead,2025-14,Mar-31 w14,33000,34320,31800,33072,88,84.8,-3.64,109,94.64,-13.17,2025-26
GH4,Red Salanova Butterhead,2025-15,Apr-07 w15,33000,34320,28162,29289,88,75.1,-14.66,109,81.45,-25.28,2025-26
GH4,Red Salanova Butterhead,2025-16,Apr-14 w16,33000,34320,14588,15171,88,38.9,-55.80,109,74.52,-31.63,2025-26
GH4,Red Salanova Butterhead,2025-17,Apr-21 w17,33000,34320,26963,28041,88,71.9,-18.30,109,149.79,37.42,2025-26
GH4,Red Salanova Butterhead,2025-18,Apr-28 w18,33000,34320,30037,31239,88,80.1,-8.98,109,87.83,-19.42,2025-26
GH4,Red Salanova Butterhead,2025-19,May-05 w19,33000,34320,20213,21021,88,53.9,-38.75,109,60.77,-44.25,2025-26
GH4,Red Salanova Butterhead,2025-20,May-12 w20,33000,34320,18862,19617,88,50.3,-42.84,109,56.14,-48.50,2025-26
GH4,Red Salanova Butterhead,2025-21,May-19 w21,33000,34320,25725,26754,88,68.6,-22.05,109,74.32,-31.82,2025-26
GH4,Red Salanova Butterhead,2025-22,May-26 w22,33000,34320,29137,30303,88,77.7,-11.70,109,85.10,-21.93,2025-26
GH4,Red Salanova Butterhead,2025-31,Jul-28 w31,33000,34320,27375,28470,88,73,-17.05,109,115.87,6.30,2025-26
GH4,Red Salanova Frisee,2025-10,Mar-03 w10,26250,27300,32850,34164,70,87.6,25.14,105,115.26,9.77,2025-26
GH4,Red Salanova Frisee,2025-11,Mar-10 w11,26250,27300,30863,32097,70,82.3,17.57,105,107.16,2.06,2025-26
GH4,Red Salanova Frisee,2025-12,Mar-17 w12,26250,27300,33262,34593,70,88.7,26.71,105,116.10,10.57,2025-26
GH4,Red Salanova Frisee,2025-13,Mar-24 w13,26250,27300,30262,31473,70,80.7,15.29,105,100.87,-3.93,2025-26
GH4,Red Salanova Frisee,2025-14,Mar-31 w14,26250,27300,32175,33462,70,85.8,22.57,105,116.58,11.03,2025-26
GH4,Red Salanova Frisee,2025-15,Apr-07 w15,26250,27300,27525,28626,70,73.4,4.86,105,86.56,-17.56,2025-26
GH4,Red Salanova Frisee,2025-16,Apr-14 w16,26250,27300,15487,16107,70,41.3,-41.00,105,92.19,-12.20,2025-26
GH4,Red Salanova Frisee,2025-17,Apr-21 w17,26250,27300,21825,22698,70,58.2,-16.86,105,79.08,-24.69,2025-26
GH4,Red Salanova Frisee,2025-18,Apr-28 w18,26250,27300,24825,25818,70,66.2,-5.43,105,82.75,-21.19,2025-26
GH4,Red Salanova Frisee,2025-19,May-05 w19,26250,27300,20588,21411,70,54.9,-21.57,105,73.49,-30.01,2025-26
GH4,Red Salanova Frisee,2025-20,May-12 w20,26250,27300,17287,17979,70,46.1,-34.14,105,59.56,-43.28,2025-26
GH4,Red Salanova Frisee,2025-21,May-19 w21,26250,27300,18150,18876,70,48.4,-30.86,105,64.11,-38.94,2025-26
GH4,Red Salanova Frisee,2025-22,May-26 w22,26250,27300,24037,24999,70,64.1,-8.43,105,85.13,-18.92,2025-26
GH4,Red Salanova Frisee,2025-29,Jul-14 w29,26250,27300,23625,24570,70,63,-10.00,105,98.44,-6.25,2025-26
GH4,Red Salanova Oakleaf,2025-10,Mar-03 w10,41250,42900,31575,32838,110,84.2,-23.45,114,75.18,-34.05,2025-26
GH4,Red Salanova Oakleaf,2025-11,Mar-10 w11,41250,42900,36600,38064,110,97.6,-11.27,114,84.72,-25.68,2025-26
GH4,Red Salanova Oakleaf,2025-12,Mar-17 w12,41250,42900,42037,43719,110,112.1,1.91,114,100.27,-12.04,2025-26
GH4,Red Salanova Oakleaf,2025-13,Mar-24 w13,41250,42900,33562,34905,110,89.5,-18.64,114,54.84,-51.89,2025-26
GH4,Red Salanova Oakleaf,2025-14,Mar-31 w14,41250,42900,36675,38142,110,97.8,-11.09,114,89.89,-21.15,2025-26
GH4,Red Salanova Oakleaf,2025-15,Apr-07 w15,41250,42900,39562,41145,110,105.5,-4.09,114,91.34,-19.88,2025-26
GH4,Red Salanova Oakleaf,2025-16,Apr-14 w16,41250,42900,17850,18564,110,47.6,-56.73,114,74.37,-34.76,2025-26
GH4,Red Salanova Oakleaf,2025-17,Apr-21 w17,41250,42900,35363,36777,110,94.3,-14.27,114,84.20,-26.14,2025-26
GH4,Red Salanova Oakleaf,2025-18,Apr-28 w18,41250,42900,32062,33345,110,85.5,-22.27,114,74.22,-34.89,2025-26
GH4,Red Salanova Oakleaf,2025-19,May-05 w19,41250,42900,27225,28314,110,72.6,-34.00,114,116.72,2.39,2025-26
GH4,Red Salanova Oakleaf,2025-20,May-12 w20,41250,42900,25537,26559,110,68.1,-38.09,114,58.76,-48.46,2025-26
GH4,Red Salanova Oakleaf,2025-21,May-19 w21,41250,42900,24938,25935,110,66.5,-39.55,114,58.80,-48.42,2025-26
GH4,Red Salanova Oakleaf,2025-22,May-26 w22,41250,42900,29325,30498,110,78.2,-28.91,114,68.78,-39.67,2025-26
GH4,Red Salanova Oakleaf,2025-28,Jul-07 w28,41250,42900,35625,37050,110,95,-13.64,114,126.67,11.11,2025-26
GH3,Romaine,2025-10,Mar-03 w10,9800,10920,22330,24882,28,63.8,127.86,143,124.61,-12.86,2025-26
GH3,Romaine,2025-11,Mar-10 w11,9800,10920,7980,8892,28,22.8,-18.57,143,83.82,-41.38,2025-26
GH3,Romaine,2025-12,Mar-17 w12,9800,10920,6405,7137,28,18.3,-34.64,143,70.11,-50.97,2025-26
GH3,Romaine,2025-13,Mar-24 w13,9800,10920,17395,19383,28,49.7,77.50,143,97.07,-32.12,2025-26
GH3,Romaine,2025-14,Mar-31 w14,9800,10920,18200,20280,28,52,85.71,143,101.56,-28.98,2025-26
GH3,Romaine,2025-15,Apr-07 w15,9800,10920,17150,19110,28,49,75.00,143,95.70,-33.08,2025-26
GH3,Romaine,2025-16,Apr-14 w16,9800,10920,17780,19812,28,50.8,81.43,143,99.22,-30.62,2025-26
GH3,Romaine,2025-17,Apr-21 w17,9800,10920,17920,19968,28,51.2,82.86,143,110.34,-22.84,2025-26
GH3,Romaine,2025-18,Apr-28 w18,9800,10920,16205,18057,28,46.3,65.36,143,90.43,-36.76,2025-26
GH3,Romaine,2025-19,May-05 w19,9800,10920,12530,13962,28,35.8,27.86,143,77.16,-46.04,2025-26
GH3,Romaine,2025-20,May-12 w20,9800,10920,14000,15600,28,40,42.86,143,78.13,-45.36,2025-26
GH3,Romaine,2025-21,May-19 w21,9800,10920,17605,19617,28,50.3,79.64,143,98.24,-31.30,2025-26
GH3,Romaine,2025-22,May-26 w22,9800,10920,17885,19929,28,51.1,82.50,143,99.22,-30.62,2025-26
GH2,Sage,2025-10,Mar-03 w10,6600,6600,880,880,6,0.8,-86.67,33,6.45,-80.45,2025-26
GH2,Sage,2025-11,Mar-10 w11,6600,6600,550,550,6,0.5,-91.67,33,8.06,-75.58,2025-26
GH2,Sage,2025-12,Mar-17 w12,6600,6600,550,550,6,0.5,-91.67,33,8.06,-75.58,2025-26
GH2,Sage,2025-13,Mar-24 w13,6600,6600,440,440,6,0.4,-93.33,33,12.90,-60.91,2025-26
GH2,Sage,2025-15,Apr-07 w15,6600,6600,440,440,6,0.4,-93.33,33,2.58,-92.18,2025-26
GH2,Sage,2025-20,May-12 w20,6600,6600,220,220,6,0.2,-96.67,33,1.29,-96.09,2025-26
GH1,Swiss Chard,2025-10,Mar-03 w10,8640,9480,13896,15247,12,19.3,60.83,33,25.94,-21.39,2025-26
GH1,Swiss Chard,2025-11,Mar-10 w11,8640,9480,2808,3081,12,3.9,-67.50,33,20.97,-36.45,2025-26
GH1,Swiss Chard,2025-12,Mar-17 w12,8640,9480,5472,6004,12,7.6,-36.67,33,20.43,-38.09,2025-26
GH1,Swiss Chard,2025-13,Mar-24 w13,8640,9480,3024,3318,12,4.2,-65.00,33,22.58,-31.58,2025-26
GH1,Swiss Chard,2025-14,Mar-31 w14,8640,9480,3456,3792,12,4.8,-60.00,33,22.12,-32.97,2025-26
GH1,Swiss Chard,2025-15,Apr-07 w15,8640,9480,1800,1975,12,2.5,-79.17,33,16.13,-51.12,2025-26
GH1,Swiss Chard,2025-16,Apr-14 w16,8640,9480,4752,5214,12,6.6,-45.00,33,11.83,-64.15,2025-26
GH1,Swiss Chard,2025-17,Apr-21 w17,8640,9480,5976,6557,12,8.3,-30.83,33,14.87,-54.94,2025-26
GH1,Swiss Chard,2025-18,Apr-28 w18,8640,9480,3312,3634,12,4.6,-61.67,33,24.73,-25.06,2025-26
GH1,Swiss Chard,2025-19,May-05 w19,8640,9480,4320,4740,12,6,-50.00,33,32.26,-2.24,2025-26
GH1,Swiss Chard,2025-20,May-12 w20,8640,9480,4104,4503,12,5.7,-52.50,33,30.65,-7.12,2025-26
GH1,Swiss Chard,2025-21,May-19 w21,8640,9480,6768,7426,12,9.4,-21.67,33,25.27,-23.42,2025-26
GH1,Swiss Chard,2025-22,May-26 w22,8640,9480,5760,6320,12,8,-33.33,33,21.51,-34.82,2025-26
GH1,Swiss Chard,2025-27,Jun-30 w27,8640,9480,7920,8690,12,11,-8.33,33,23.01,-30.27,2025-26
GH2,Thai Basil,2025-12,Mar-17 w12,5670,6300,2106,2340,7,2.6,-62.86,43,27.96,-34.98,2025-26
GH2,Thai Basil,2025-15,Apr-07 w15,5670,6300,891,990,7,1.1,-84.29,43,17.74,-58.74,2025-26
GH2,Thai Basil,2025-17,Apr-21 w17,5670,6300,2835,3150,7,3.5,-50.00,43,37.63,-12.49,2025-26
GH2,Thai Basil,2025-18,Apr-28 w18,5670,6300,1215,1350,7,1.5,-78.57,43,48.39,12.53,2025-26
GH2,Thai Basil,2025-19,May-05 w19,5670,6300,5265,5850,7,6.5,-7.14,43,26.00,-39.53,2025-26
GH2,Thai Basil,2025-20,May-12 w20,5670,6300,3807,4230,7,4.7,-32.86,43,37.90,-11.86,2025-26
GH2,Thai Basil,2025-21,May-19 w21,5670,6300,3402,3780,7,4.2,-40.00,43,33.87,-21.23,2025-26
GH2,Thai Basil,2025-22,May-26 w22,5670,6300,6642,7380,7,8.2,17.14,43,40.80,-5.12,2025-26
GH2,Tuscan Kale,2025-22,May-26 w22,23760,23760,1800,1800,33,2.5,-92.42,45,6.72,-85.07,2025-26
GH1,Watercress,2025-10,Mar-03 w10,9600,9480,2400,2370,12,3,-75.00,24,10.75,-55.21,2025-26
GH1,Watercress,2025-11,Mar-10 w11,9600,9480,880,869,12,1.1,-90.83,24,11.83,-50.71,2025-26
GH1,Watercress,2025-12,Mar-17 w12,9600,9480,800,790,12,1,-91.67,24,10.75,-55.21,2025-26
GH1,Watercress,2025-13,Mar-24 w13,9600,9480,0,0,12,0,-100.00,24,null,null,2025-26
GH1,Watercress,2025-14,Mar-31 w14,9600,9480,1840,1817,12,2.3,-80.83,24,24.73,3.04,2025-26
GH1,Watercress,2025-15,Apr-07 w15,9600,9480,800,790,12,1,-91.67,24,10.75,-55.21,2025-26
GH1,Watercress,2025-16,Apr-14 w16,9600,9480,960,948,12,1.2,-90.00,24,12.90,-46.25,2025-26
GH1,Watercress,2025-17,Apr-21 w17,9600,9480,0,0,12,0,-100.00,24,null,null,2025-26
GH1,Watercress,2025-18,Apr-28 w18,9600,9480,0,0,12,0,-100.00,24,null,null,2025-26
GH1,Watercress,2025-19,May-05 w19,9600,9480,640,632,12,0.8,-93.33,24,8.60,-64.17,2025-26
GH1,Watercress,2025-20,May-12 w20,9600,9480,1760,1738,12,2.2,-81.67,24,4.73,-80.29,2025-26
GH1,Watercress,2025-21,May-19 w21,9600,9480,1680,1659,12,2.1,-82.50,24,6.77,-71.79,2025-26
GH1,Watercress,2025-22,May-26 w22,9600,9480,4160,4108,12,5.2,-56.67,24,11.18,-53.42,2025-26
GH1,Watercress,2025-27,Jun-30 w27,9600,9480,10000,9875,12,12.5,4.17,24,35.71,48.79,2025-26